Price,Close,High,Low,Open,Volume
Ticker,AAPL,AAPL,AAPL,AAPL,AAPL
Date,,,,,
2020-01-02,72.7160873413086,72.77661346571647,71.46682724691692,71.72103401405282,135480400
2020-01-03,72.00910949707031,72.77173687491619,71.78395417961447,71.9413205610049,146322800
2020-01-06,72.5829086303711,72.62164622763687,70.87607527260708,71.12786596061405,118387200
2020-01-07,72.24153900146484,72.84921605109494,72.02122310005907,72.59258596559819,108872000
2020-01-08,73.40363311767578,73.70626361557562,71.94374389134458,71.94374389134458,132079200
2020-01-09,74.9627914428711,75.15647202012606,74.13237506994084,74.38415834268419,170108400
2020-01-10,75.13227081298828,75.69880172853615,74.62869680726308,75.19764374317383,140644800
2020-01-13,76.73741912841797,76.76405445807666,75.33079296168272,75.44942915816804,121532000
2020-01-14,75.70121002197266,76.88510420958616,75.57774178905865,76.6744745414686,161954400
2020-01-15,75.37679290771484,76.38394823058523,74.94342390604251,75.5002685322302,121923600
2020-01-16,76.32100677490234,76.43238014496747,75.55837921189631,75.92153589794125,108829200
2020-01-17,77.16595458984375,77.16837061022176,76.26290232469962,76.57037231867773,137816400
2020-01-21,76.64299774169922,77.23614913553814,76.5049964495613,76.79310129941813,110843200
2020-01-22,76.91657257080078,77.47098633963294,76.82214830621916,77.12961824131806,101832400
2020-01-23,77.28700256347656,77.3668937772688,76.42026453610515,76.96984634011159,104472000
2020-01-24,77.06427764892578,78.27963949778808,76.87301303795586,77.53396093858308,146537600
2020-01-27,74.79817962646484,75.48090862271498,73.81281265158368,75.06691204410036,161940000
2020-01-28,76.9141616821289,77.08605376922371,75.58258723533865,75.6818509443487,162234000
2020-01-29,78.5241470336914,79.37393591584485,77.80752001617462,78.55078236199498,216229200
2020-01-30,78.41035461425781,78.46361788035526,77.1707812088342,77.60415017442514,126743200
2020-01-31,74.93374633789062,78.12225762194025,74.63837863048332,77.69857485901245,199588400
2020-02-03,74.72795104980469,75.89731214570682,73.16879799630816,73.67237193822604,173788400
2020-02-04,77.19499206542969,77.38625661675313,75.93120675854502,76.33794039127015,136616400
2020-02-05,77.8244857788086,78.62585099313237,77.21922459648295,78.32563642255818,118826800
2020-02-06,78.73479461669922,78.73721802576215,77.53638189287197,78.0956426416798,105425600
2020-02-07,77.66455841064453,78.48238543817546,77.17192034743294,78.23242636976711,117684000
2020-02-10,78.03343963623047,78.03343963623047,76.1648155367922,76.24489635857795,109348800
2020-02-11,77.5626449584961,78.60374012100387,77.34423530217373,78.53093937088862,94323200
2020-02-12,79.40458679199219,79.40943770675925,78.0140331926388,78.0140331926388,113730400
2020-02-13,78.83914184570312,79.16676004463604,78.47027235558737,78.67412186901794,94747600
2020-02-14,78.85855865478516,79.10851777495836,78.34893117896286,78.80759072301922,80113600
2020-02-18,77.41460418701172,77.5966134445047,76.34923977828454,76.5312490357775,152531200
2020-02-19,78.5357894897461,78.76633753940254,77.65729255269991,77.65729255269991,93984000
2020-02-20,77.73008728027344,78.78574250032466,77.22288901629881,78.29553354521413,100566000
2020-02-21,75.97065734863281,77.76648785830864,75.35182886622782,77.32238114469776,129554000
2020-02-24,72.36203002929688,73.81810418195764,70.19005719516358,72.13876947323553,222195200
2020-02-25,69.91096496582031,73.4176795737371,69.43774534651452,73.03425000192122,230673600
2020-02-26,71.02002716064453,72.28924134156426,69.5275523864246,69.53483246216315,198054800
2020-02-27,66.37757873535156,69.40621629434781,66.24167904417651,68.21709029357726,320605600
2020-02-28,66.33876037597656,67.56429436979359,62.21564451650338,62.43163248715633,426510000
2020-03-02,72.51490783691406,73.15315476053108,67.39680886693866,68.50342446012388,341397200
2020-03-03,70.21190643310547,73.77443320656704,69.35767141404621,73.69435237651876,319475600
2020-03-04,73.46864318847656,73.6288122283086,71.13650139150472,71.93976834476976,219178400
2020-03-05,71.08554077148438,72.69449642985231,70.71909308665877,71.71650028960082,187572800
2020-03-06,70.14151763916016,70.5759151634938,68.24862422437134,68.43548440571074,226176800
2020-03-09,64.5938949584961,67.48662548846899,63.8245990046388,64.00660831738968,286744800
2020-03-10,69.24602508544922,69.51297346708441,65.37044115282052,67.25606172575357,285290000
2020-03-11,66.84107971191406,68.24619329059158,65.9747138459021,67.31673591637701,255598800
2020-03-12,60.24021530151367,65.52333888472222,60.18440016078189,62.111272274536645,418474000
2020-03-13,67.45748901367188,67.93071607578169,61.38565875889742,64.28325061879912,370732000
2020-03-16,58.77928924560547,62.87327957704444,58.24296696218062,58.71619032815072,322423600
2020-03-17,61.36382293701172,62.516544687820904,57.854682347294336,60.06548857627604,324056000
2020-03-18,59.86164093017578,60.66976261253334,57.54405525777932,58.18715696326524,300233600
2020-03-19,59.40297317504883,61.35896558109421,58.87636011980493,60.036365596883776,271857200
2020-03-20,55.631744384765625,61.11386300197094,55.330821042511275,59.985403245758334,401693200
2020-03-23,54.449893951416016,55.45215955190559,51.595989830091725,55.350234801464175,336752800
2020-03-24,59.912593841552734,60.10916324280381,56.85969151927787,57.359609676283746,287531200
2020-03-25,59.582550048828125,62.67185273031452,59.286481367958,60.85176020184459,303602000
2020-03-26,62.71796798706055,62.77620858330938,59.78640491258839,59.82523444541299,252087200
2020-03-27,60.121299743652344,62.094277592448684,59.9538506329564,61.337120260245676,204216800
2020-03-30,61.8370475769043,62.0093513301557,60.52415303960045,60.84934577792082,167976400
2020-03-31,61.71084976196289,63.700817094858024,61.15511640489983,62.0287624061651,197002000
2020-04-01,58.46380615234375,60.35912878890937,58.031837774101646,59.82038104472191,176218400
2020-04-02,59.43937683105469,59.49276651729852,57.490664392119754,58.32548090103607,165934000
2020-04-03,58.585140228271484,59.626231543601605,57.99300285608874,58.9224639013772,129880000
2020-04-06,63.695953369140625,63.85126406814097,60.519286350194704,60.888155740548534,201820400
2020-04-07,62.95820999145508,65.93588600447147,62.853859800879945,65.71746898385814,202887200
2020-04-08,64.56961059570312,64.88509036892265,63.395044991841544,63.76148528714011,168895200
2020-04-09,65.03553771972656,65.54031414733082,64.2371292048889,65.20784512846275,161834800
2020-04-13,66.31205749511719,66.42126604167221,64.51137549316124,65.1132222675946,131022800
2020-04-14,69.66100311279297,69.95222087152594,67.47689214022147,67.95011914666873,194994800
2020-04-15,69.02519226074219,69.48628092008256,68.10301494206142,68.53255414367216,131154400
2020-04-16,69.57364654541016,69.94009422345636,68.5204205220071,69.7410956561746,157125200
2020-04-17,68.62963104248047,69.63675500516926,67.1881169210457,69.08829799292641,215250000
2020-04-20,67.20511627197266,68.35784190926253,67.18570520408012,67.45265367496387,130015200
2020-04-21,65.12776947021484,67.28276042085989,64.41429253639382,67.0473614677832,180991600
2020-04-22,67.0036849975586,67.4405043108994,66.05723821466911,66.39940914673265,116862400
2020-04-23,66.7440185546875,68.37482206031547,66.70518901812768,66.94786806714389,124814400
2020-04-24,68.6708755493164,68.68058478279482,67.22208165212722,67.27062041354411,126161200
2020-04-27,68.71941375732422,69.05188279302438,67.93798710304658,68.38693731564892,117087600
2020-04-28,67.60552978515625,69.36495298340253,67.51331796268283,69.18294368703222,112004800
2020-04-29,69.82603454589844,70.29683242001799,68.89414803177873,69.0979975124322,137280800
2020-04-30,71.2990951538086,71.47625350962926,69.97649890054853,70.36720857906009,183064000
2020-05-01,70.15121459960938,72.56101509610286,69.36978798695081,69.46685809785768,240616800
2020-05-04,71.143798828125,71.27241844220069,69.48387483655323,70.17551168453589,133568000
2020-05-05,72.2115707397461,73.04638718577591,71.45926427424553,71.60487317175793,147751200
2020-05-06,72.95660400390625,73.58999276968885,72.5294865058915,72.91534530676655,142333600
2020-05-07,73.71131134033203,74.05834791180315,73.2817722099888,73.58512093632648,115215200
2020-05-08,75.46578979492188,75.51932400836401,74.04470854157813,74.37321360469922,133838400
2020-05-11,76.65325927734375,77.14965926401848,74.7625342106639,74.97180698726206,145946400
2020-05-12,75.77725982666016,77.79208148134276,75.65559183440632,77.33947268862552,162301200
2020-05-13,74.8623046875,76.88199755928032,73.78189245874619,75.95731647939719,200622400
2020-05-14,75.32221984863281,75.38305384243762,73.37309631079928,74.0982401903213,158929200
2020-05-15,74.87690734863281,74.92314177584109,73.05188761996168,73.08595821938853,166348400
2020-05-18,76.6410903930664,77.01582984347145,75.51201542213853,76.20552437986748,135178400
2020-05-19,76.19822692871094,77.50736817025115,76.16659206539425,76.65812803670754,101729600
2020-05-20,77.68013000488281,77.75069207639052,77.02068430144911,77.05961894056877,111504800
2020-05-21,77.10099792480469,78.08407725078851,76.86252601832638,77.54143540411926,102688800
2020-05-22,77.5973892211914,77.6801225366079,76.73597805029135,76.83817497038486,81803200
2020-05-26,77.07180786132812,78.89925602718259,77.01583791238306,78.71918977774382,125522000
2020-05-27,77.4075927734375,77.55359582351838,76.1860490206754,76.92822809774341,112945200
2020-05-28,77.44165802001953,78.70457206303743,76.80411908559893,77.0815181781685,133560800
2020-05-29,77.36621856689453,78.1473247460618,77.00851448794498,77.68498800975172,153532400
2020-06-01,78.31767272949219,78.43934069786921,77.18859041846218,77.31999390359594,80791200
2020-06-02,78.68024444580078,78.70457952577789,77.6071320252172,78.05000523231972,87642800
2020-06-03,79.11339569091797,79.37620271806179,78.42718641851751,79.00146321507341,104491200
2020-06-04,78.4320297241211,79.2350352304067,78.05729035571069,78.93573682356579,87560400
2020-06-05,80.66586303710938,80.72669702130025,78.65347751344345,78.68267663769132,137250400
2020-06-08,81.14279174804688,81.17686234047467,79.6487130986334,80.36168554392373,95654400
2020-06-09,83.70513153076172,84.09933458379527,80.7899715861673,80.82160644800746,147712400
2020-06-10,85.85865783691406,86.32829444981938,84.21614013366542,84.65657762001017,166651600
2020-06-11,81.73654174804688,85.42551553412683,81.63434481058569,84.99967763398335,201662400
2020-06-12,82.44221496582031,84.63223846471662,81.32773960827684,83.88276702365586,200146000
2020-06-15,83.46180725097656,84.11638164574502,80.92867875199258,81.09171712965171,138808800
2020-06-16,85.6737289428711,85.94627147951505,83.88277968678821,85.52286182278011,165428800
2020-06-17,85.55448913574219,86.48159854763982,85.43282115595484,86.42076455774615,114406400
2020-06-18,85.58855438232422,86.00709250366052,84.97777878565866,85.51068509788405,96820400
2020-06-19,85.09944152832031,86.76385839432308,83.98739454869698,86.2966575684398,264476000
2020-06-22,87.32597351074219,87.46954083393744,85.4474196297417,85.4936540555532,135445200
2020-06-23,89.18992614746094,90.61344295119446,88.1533126161021,88.57428648623221,212155600
2020-06-24,87.61554718017578,89.73987283324034,87.24080771386359,88.81762744432615,192623200
2020-06-25,88.7786865234375,88.81762116630449,87.00963685193202,87.77127955859044,137522400
2020-06-26,86.05089569091797,88.8954936232834,85.90245689556569,88.67405701121628,205256800
2020-06-29,88.03408813476562,88.12899272885664,85.47906041478672,85.95843257929042,130646000
2020-06-30,88.76895141601562,89.0560934802323,87.60094182870904,87.62040543722048,140223200
2020-07-01,88.60104370117188,89.39188548967921,88.55238096980085,88.84681537177396,110737200
2020-07-02,88.60104370117188,90.14866410882917,88.48668294073944,89.51112514748854,114041600
2020-07-06,90.97114562988281,91.44078222719904,90.00266588363523,90.03430074503379,118655600
2020-07-07,90.68887329101562,92.13185365235528,90.57694083639849,91.35074735374833,112424400
2020-07-08,92.80104064941406,92.83267551468656,91.58192502451845,91.6695298380442,117092000
2020-07-09,93.20011138916016,93.7500456266075,92.14889822617897,93.69651141665871,125642800
2020-07-10,93.3631362915039,93.42154196968667,92.18052712914378,92.79373105488341,90257200
2020-07-13,92.93244934082031,97.29059783670382,92.71831248028391,94.67230019364084,191649200
2020-07-14,94.47032928466797,94.66255936029044,91.37509535164902,92.31193292486347,170989200
2020-07-15,95.12003326416016,96.60194849384463,93.91795292676309,96.35131273104463,153198000
2020-07-16,93.94957733154297,94.8085529497705,93.3485372297674,93.98851197519926,110577600
2020-07-17,93.75977325439453,94.55791486444917,93.2852651867788,94.40218371971898,92186800
2020-07-20,95.73565673828125,95.8743600058145,93.50183459957924,93.84737490055309,90318000
2020-07-21,94.41436767578125,96.60439166826072,94.16373189368295,96.52895810260178,103433200
2020-07-22,94.67957305908203,95.36334640624791,94.02743456995962,94.11503193744338,89001600
2020-07-23,90.3701171875,94.4897935351177,89.5573759076989,94.4119242394898,197004400
2020-07-24,90.146240234375,90.49178057488463,86.76873582504383,88.56212813927338,185438800
2020-07-27,92.28273010253906,92.37519895851747,90.98818839691468,91.21205332883926,121214000
2020-07-28,90.76673126220703,92.02964524444927,90.76185979129367,91.85200735463462,103625600
2020-07-29,92.50659942626953,92.69153713216036,91.21448607300921,91.2509849817971,90329200
2020-07-30,93.62594604492188,93.73057872513968,91.26802000602063,91.67682263526055,158130000
2020-07-31,103.42749786376953,103.57836494067831,98.13737010008327,100.14246305977338,374336800
2020-08-03,106.03363800048828,108.66166323525441,105.01649553295304,105.31579399255398,308151200
2020-08-04,106.74175262451172,107.83676443958547,105.49830201297321,106.22344584387962,173071600
2020-08-05,107.128662109375,107.44986737596928,105.99471558411307,106.46192391970698,121776800
2020-08-06,110.86627960205078,111.36268697898166,106.87070778644717,107.4620123146309,202428800
2020-08-07,108.34564971923828,110.84433996363158,107.54606913860891,110.3860424163052,198045600
2020-08-10,109.92044830322266,110.94186486752692,107.26086549559103,109.79612082851325,212403600
2020-08-11,106.65142059326172,109.68153802602951,106.390579904866,109.18180291672903,187902400
2020-08-12,110.19593048095703,110.45433109831117,107.55097318580613,107.74598999306477,165598000
2020-08-13,112.1461181640625,113.15290889313627,111.09056951787859,111.58055905900497,210082000
2020-08-14,112.0461654663086,112.13636091412904,110.23004099312963,111.97059590519345,165565200
2020-08-17,111.75363159179688,113.19678105887246,111.1246961523291,113.17240210150105,119561600
2020-08-18,112.68484497070312,113.11145065744996,111.16856617508924,111.50497642122994,105633600
2020-08-19,112.82623291015625,114.2450033462818,112.73116465257537,113.09438654850844,145538000
2020-08-20,115.32980346679688,115.4443778648386,112.85061167913358,112.86767769232154,126907200
2020-08-21,121.2730484008789,121.75815770513448,116.2805395387213,116.29272529875644,338054800
2020-08-24,122.72347259521484,125.57807915731564,120.85128503311087,125.49274910090045,345937600
2020-08-25,121.7166976928711,122.06286102018731,119.98833606258718,121.59237766186422,211495600
2020-08-26,123.37193298339844,123.83023059467142,121.96778837684518,123.03796284565955,163022400
2020-08-27,121.89710998535156,124.31047816436129,120.74892572684594,123.9765079967238,155552400
2020-08-28,121.69966125488281,123.29394263426069,121.47538522972158,122.87464980067483,187630000
2020-08-31,125.82673645019531,127.73793655138815,122.86244278988478,124.40310060397898,225702700
2020-09-01,130.83876037597656,131.44333179825284,127.27965542096419,129.4541217539587,151948100
2020-09-02,128.12796020507812,134.54411128513743,123.83753197784804,134.16382339626398,200119000
2020-09-03,117.86994934082031,125.63173549368389,117.49941444648104,123.74980180662752,257599600
2020-09-04,117.94792938232422,120.61969754526804,108.12868647661209,117.0800921968489,332607200
2020-09-08,110.0106430053711,116.02700063472479,109.87412977263537,111.11250193799896,231366600
2020-09-09,114.39859008789062,116.17326959342994,112.38988895508609,114.34008654092767,176940500
2020-09-10,110.6639633178711,117.49940814881735,109.69861756632326,117.3628949087768,182274400
2020-09-11,109.2110595703125,112.36063179376235,107.2608620779855,111.71706305037618,180860300
2020-09-14,112.48738861083984,113.04319458206483,109.99113827543115,111.86332602698766,140150100
2020-09-15,112.66291809082031,115.87099408811736,110.78097707840637,115.38344468012839,184642000
2020-09-16,109.33781433105469,113.11144897058965,109.25005901915075,112.36062624645403,154679000
2020-09-17,107.59239959716797,109.40608398688913,106.00299120807408,106.98784309353663,178011000
2020-09-18,104.17955017089844,108.11895013810333,103.4482260852904,107.65090688938564,287104900
2020-09-21,107.33887481689453,107.44613627717712,100.53268210169752,101.93682671673261,195713800
2020-09-22,109.02579498291016,110.0496517037046,106.44178910174857,109.87413362126594,183055400
2020-09-23,104.45259857177734,109.31834008012487,104.11130799960775,108.84054369426751,150718700
2020-09-24,105.52518463134766,107.50463384194083,102.38536556375317,102.5511305606354,167743300
2020-09-25,109.48409271240234,109.64011209223098,104.98888662302512,105.72996379838419,149981400
2020-09-28,112.09734344482422,112.44837956504263,109.97162802324053,112.1461013546261,137672400
2020-09-29,111.24901580810547,112.43863750540089,110.74196771781253,111.69756779185069,99382200
2020-09-30,112.92618560791016,114.34008328098176,110.79072437109879,110.95648937570999,142675200
2020-10-01,113.88179016113281,114.78863234602518,112.94569620243965,114.7106226562807,116120400
2020-10-02,110.20565032958984,112.49713819553232,109.4255758436502,110.07889017847046,144712000
2020-10-05,113.59901428222656,113.7452805953654,110.72247569462236,111.07351187039006,106243800
2020-10-06,110.34217071533203,113.22846192888977,109.45482734146758,112.81891482742249,161498200
2020-10-07,112.21436309814453,112.67266068936267,111.2880148454192,111.76581857721544,96849000
2020-10-08,112.10710906982422,113.5015006370164,111.73656676842208,113.35523433064257,83477200
2020-10-09,114.05728912353516,114.08654089243238,112.05833393555243,112.40937004114366,100506900
2020-10-12,121.3022689819336,122.06284470999873,116.30976140366856,117.0703371317337,240226800
2020-10-13,118.08444213867188,122.26761613757736,116.67055210652175,122.15060162425121,262330500
2020-10-14,118.17221069335938,119.96638868276364,116.64130607261743,117.98693956467062,150712000
2020-10-15,117.70414733886719,118.18194355451043,115.20789738352592,115.76370327012648,112559200
2020-10-16,116.0562515258789,118.52325764594907,115.85148167833091,118.25997681380653,115393800
2020-10-19,113.09196472167969,117.42139843534454,112.77993339601544,116.97285386966553,120639300
2020-10-20,114.58386993408203,116.01726645875162,112.75067930305906,113.3064853596234,124423700
2020-10-21,113.95979309082031,115.75397121203213,113.55024596366279,113.76476887802791,89946000
2020-10-22,112.86769104003906,115.10066828250254,111.73657281161336,114.52535609682704,101988000
2020-10-23,112.17535400390625,113.64775510639481,111.4342769177023,113.49173574533604,82572600
2020-10-26,112.18511962890625,113.64776782516624,110.0691495843626,111.17101598676972,111850700
2020-10-27,113.69652557373047,114.35959309602312,111.68782430299709,112.61416524411432,92276800
2020-10-28,108.43097686767578,112.5556478095225,108.33346848159846,112.18511296666344,143937800
2020-10-29,112.44839477539062,114.01830445888464,109.40608380178328,109.57185625388539,146129200
2020-10-30,106.14923095703125,109.20128680385386,105.03761918205244,108.29444483590676,190272600
2020-11-02,106.06147766113281,107.92391966714173,104.64758758408,106.39301507304658,122866900
2020-11-03,107.68990325927734,108.71375243491438,106.02248536802898,106.92932746040049,107624400
2020-11-04,112.0876235961914,112.71168634167374,109.55236776274256,111.2977958113123,138235500
2020-11-05,116.06600189208984,116.64131401748298,113.95979248109225,115.01289346688455,126387100
2020-11-06,115.93415832519531,116.4323113514343,113.43359348677035,115.57274661299846,114457900
2020-11-09,113.6191635131836,119.15750989185466,113.35543592706722,117.70210831549566,154515300
2020-11-10,113.27731323242188,114.85969395496241,111.48003200833709,112.86706693044832,138023400
2020-11-11,116.7155532836914,116.8523020201072,113.7363758663505,114.46896157668391,112295000
2020-11-12,116.44206237792969,117.7314130027431,115.81692313270185,116.84254616591035,103162300
2020-11-13,116.49091339111328,116.89138975772552,115.13318828954677,116.66673428315598,81581900
2020-11-16,117.50676727294922,118.18074115273141,115.40668645392178,116.15880460888832,91183000
2020-11-17,116.61788177490234,117.86816024947451,116.19786565120255,116.77417031034764,74271000
2020-11-18,115.28946685791016,117.03790584258053,115.26016461858715,115.85600165898173,76322100
2020-11-19,115.88531494140625,116.29556123551815,114.09780364988457,114.85969175387774,74113000
2020-11-20,114.61548614501953,116.0122833606363,114.566651563308,115.88530450548863,73604300
2020-11-23,111.20651245117188,114.88898089812312,111.10883584417593,114.45919488464406,127959300
2020-11-24,112.49586486816406,113.1600762396807,109.97576812456435,111.26512618596215,113874200
2020-11-25,113.33589935302734,114.03918287230827,112.49586708858041,112.86704864167184,76499200
2020-11-27,113.88290405273438,114.76200852686044,113.521499817773,113.86337170986415,46691300
2020-11-30,116.28578186035156,118.16119960518925,114.09778703912657,114.25407557732021,169410200
2020-12-01,119.87055206298828,120.60313773079281,117.22347674425754,118.20025763466357,127728200
2020-12-02,120.22220611572266,120.5054734972761,118.08305336151587,119.1868131981227,89004200
2020-12-03,120.08546447753906,120.90595698113327,119.37241103320297,120.65199182191449,78967600
2020-12-04,119.41148376464844,120.0073208033349,118.69843031675794,119.75335564285018,78260400
2020-12-07,120.87666320800781,121.67762342572043,119.41149153275923,119.47009601504965,86712000
2020-12-08,121.49201202392578,122.0780865564266,120.23196370264463,121.48224958003209,82225500
2020-12-09,118.95240020751953,123.02557557317189,118.19051214801601,121.63854821088353,115089200
2020-12-10,120.37849426269531,120.99387109234236,117.36024440160968,117.7021162779425,81312200
2020-12-11,119.56776428222656,119.90963613747431,117.75095104891274,119.58729662299177,86939800
2020-12-14,118.95240020751953,120.48594622407741,118.71797483203729,119.75336040497812,79184500
2020-12-15,124.91075897216797,124.93029876658031,121.24783000590143,121.4529531337426,157243700
2020-12-16,124.8423843383789,125.3893793448256,123.62140801881179,124.45167787791586,98208600
2020-12-17,125.71170806884766,126.571280093327,125.06702905048816,125.9070612822762,94359800
2020-12-18,123.7190933227539,126.10244150708998,123.19163065315914,125.96569275411149,192541500
2020-12-21,125.25262451171875,125.33076878091637,120.58361248475222,122.11715836957907,121251600
2020-12-22,128.81788635253906,131.28914115354644,126.63965393544905,128.5541513025178,168904800
2020-12-23,127.91929626464844,129.3551511831489,127.74346786565792,129.0914309414147,88223700
2020-12-24,128.90577697753906,130.3611858888105,128.0559823612598,128.27087535230643,54930100
2020-12-28,133.5161895751953,134.15109122678413,130.41001842398242,130.87888400818076,124486200
2020-12-29,131.7384796142578,135.56746024422537,131.22078675513583,134.84465167348836,121047300
2020-12-30,130.61517333984375,132.83247066876245,130.30259622541593,132.43198683008825,96452100
2020-12-31,129.60906982421875,131.61147380180907,128.66159108708325,130.9667947818931,99116600
2021-01-04,126.40524291992188,130.50772046788387,123.81677157197642,130.419813747916,143301900
2021-01-05,127.96804809570312,128.68110881569237,125.44795182635949,125.89727755533225,97664900
2021-01-06,123.66047668457031,128.00715673158123,123.44558366599814,124.75447411900687,155088000
2021-01-07,127.88013458251953,128.57365547614697,124.89118785865705,125.3795782358762,109578200
2021-01-08,128.98391723632812,129.55045193110092,127.20616889364516,129.35508383294297,105158200
2021-01-11,125.98519897460938,127.14757065492435,125.51634830594666,126.19032952592721,100384500
2021-01-12,125.80941009521484,126.678744687946,123.91445235489151,125.51637278097465,91951100
2021-01-13,127.85086822509766,128.39786321634224,125.5065997184792,125.77031986493918,88636800
2021-01-14,125.91685485839844,127.95832377513628,125.77032875107238,127.76297053653161,90221800
2021-01-15,124.18795013427734,127.1964377514296,124.05120137461118,125.78987056372236,111598500
2021-01-19,124.8619384765625,125.7215106737219,123.99260383334368,124.81309643726976,90757300
2021-01-20,128.9644317626953,129.41375771141455,125.56523706688307,125.67268360432682,104319500
2021-01-21,133.6920166015625,136.42700650318062,130.48817597250854,130.69330654954064,120150900
2021-01-22,135.84091186523438,136.6027996904535,131.8849466776784,133.11568510968806,114459400
2021-01-25,139.6015625,141.72117584234562,133.3696938895246,139.74808861764467,157611700
2021-01-26,139.8360137939453,140.94954387426174,138.08756692906707,140.2657999485411,98390600
2021-01-27,138.7615509033203,140.949546409481,137.14986769909706,140.099736532336,140843800
2021-01-28,133.90689086914062,138.6931262527624,133.52594691185897,136.28047622181393,142621100
2021-01-29,128.89602661132812,133.56503857337148,127.18665987069943,132.67616429116572,177523800
2021-02-01,131.02540588378906,132.2366197184336,127.88993224067084,130.6444618808397,106239800
2021-02-02,131.8556671142578,133.14501023071227,131.4844855801371,132.57847548555233,83305400
2021-02-03,130.83006286621094,132.61757406703313,130.5077233148007,132.60779671715912,89880900
2021-02-04,134.19993591308594,134.20969835709803,131.46494623573207,133.13524824047326,84183100
2021-02-05,133.78421020507812,134.4298527337004,132.9037994309717,134.361383637691,75693800
2021-02-08,133.9309844970703,133.97989953447188,131.98427945196772,133.07012760447842,71297200
2021-02-09,133.05050659179688,134.8798267734332,132.8939994307771,133.64723399056535,76774200
2021-02-10,132.4440155029297,134.0092066849529,131.47555177979126,133.5102943457137,73046600
2021-02-11,132.18966674804688,133.42224462079582,130.85925883741726,132.94290131800943,64280000
2021-02-12,132.42442321777344,132.58094529380088,130.78098619978562,131.42662856832374,60145100
2021-02-16,130.2918701171875,133.0505008941642,129.9005649144753,132.54182652078916,80576300
2021-02-17,127.99299621582031,129.34297301716086,126.65281137358724,128.39407844328628,97918500
2021-02-18,126.88761901855469,127.17130227893666,124.63766222365031,126.38870666417387,96856700
2021-02-19,127.04411315917969,127.86584668005416,125.99740338670905,127.40607236333011,87668800
2021-02-22,123.25831604003906,126.89737227917206,122.86701830596542,125.22457427942261,103916400
2021-02-23,123.12136840820312,123.95287146533934,115.81390958217581,121.0670645425184,158273000
2021-02-24,122.62246704101562,122.82789668702961,119.57036091351185,122.22139224547901,111039900
2021-02-25,118.35733032226562,123.70830769868415,117.91712502936959,121.96704059219421,148199500
2021-02-26,118.62145233154297,122.13333235763007,118.56275282287397,119.92250660347193,164560400
2021-03-01,125.00935363769531,125.14630670979984,120.11815116715421,121.05726114589218,116307900
2021-03-02,122.39746856689453,125.91913329199494,122.28986150205843,125.61588108930245,102260900
2021-03-03,119.40404510498047,122.97462478338886,119.18883097909638,122.09420675176463,112966300
2021-03-04,117.51603698730469,120.91053295934665,116.03889910024034,119.10078939752296,178155000
2021-03-05,118.77798461914062,119.28667396527544,115.01175939727409,118.3475637840084,153766600
2021-03-08,113.82807922363281,118.36711510668628,113.68134163784862,118.29863856177148,154376600
2021-03-09,118.45516204833984,119.4040567156157,116.20521293027855,116.43998860707968,129525800
2021-03-10,117.36933135986328,119.51167358003067,116.85085748034945,119.04212218796035,111943300
2021-03-11,119.30623626708984,120.52903715634345,118.62147075446155,119.87361767091576,103026500
2021-03-12,118.39646911621094,118.5334222152771,116.56716380866244,117.78018017041316,88105100
2021-03-15,121.29206848144531,121.30185297869129,117.79974930309419,118.768213019061,92403800
2021-03-16,122.83767700195312,124.45177555241284,122.0061739497114,122.96484559847543,115227900
2021-03-17,122.04529571533203,123.12135885064626,119.6779478615808,121.35074580559845,111932600
2021-03-18,117.90733337402344,120.49967234787186,117.70190375225354,120.20619719483877,121229700
2021-03-19,117.37909698486328,118.787765950923,117.07584476265258,117.2910589061766,185549500
2021-03-22,120.70511627197266,121.17467507978692,117.64322564652812,117.71170219523187,111912300
2021-03-23,119.87362670898438,121.53663305840064,119.48232890224382,120.64643782486614,95467100
2021-03-24,117.47691345214844,120.22577469235176,117.45735192347425,120.14751365088765,88530500
2021-03-25,117.96603393554688,119.0127585740185,116.41063491697949,116.93888575254493,98844700
2021-03-26,118.57254791259766,118.83667706674994,116.33237593563868,117.731260359211,94071200
2021-03-29,118.74864196777344,119.91275082818898,118.10300696502964,119.00298664807106,80819200
2021-03-30,117.29105377197266,117.78017409006814,116.27368261472802,117.49648340996671,85671900
2021-03-31,119.49209594726562,120.83228085062457,118.51385530498492,119.00297562612528,118323800
2021-04-01,120.3236083984375,121.47793274502293,119.82470354215977,120.96925085519509,75089100
2021-04-05,123.1604995727539,123.41484423200751,120.39207673653289,121.17467224344372,88651200
2021-04-06,123.46376037597656,124.3637400471671,122.91594796105788,123.74745108038357,80171300
2021-04-07,125.11697387695312,125.13653540500879,122.41702773888204,123.09201613924569,83466700
2021-04-08,127.52346801757812,127.5528140466846,125.72350857412272,126.14414494249527,88844600
2021-04-09,130.10601806640625,130.1451411281215,126.65282945773264,126.97565069226758,106686700
2021-04-12,128.38427734375,129.95924500781146,127.7875500939686,129.63642387988736,91420000
2021-04-13,131.5048828125,131.7298889082425,129.05928119869824,129.5581934810451,91266500
2021-04-14,129.15711975097656,132.06249585390395,128.79517546483183,132.0038037995852,87222800
2021-04-15,131.57337951660156,132.06249988655176,130.73209188321647,130.90818297831848,89347100
2021-04-16,131.2407684326172,131.73966578761528,130.37991188899602,131.37772152575985,84922400
2021-04-19,131.90599060058594,132.5222871031633,130.43862934817926,130.60492849890622,94264200
2021-04-20,130.21359252929688,132.58093272949054,128.94187690393258,132.08203545204475,94812300
2021-04-21,130.59512329101562,130.8396834469913,128.44299690378307,129.4799295768372,68847100
2021-04-22,129.06907653808594,131.2309800623084,128.55061017652483,130.1451323202757,84566500
2021-04-23,131.39730834960938,132.17988902990155,129.28430468857326,129.28430468857326,78657500
2021-04-26,131.7886199951172,132.1212183306872,130.6538569277666,131.89622709506892,66905100
2021-04-27,131.4657440185547,132.46355353704712,131.19183786473573,132.07224836961583,66015800
2021-04-28,130.67340087890625,132.08206994398435,130.1842805050191,131.38751244528612,107760100
2021-04-29,130.5755615234375,134.08745690189525,129.567974819212,133.50050652437227,151101000
2021-04-30,128.5995330810547,130.65382966034915,128.21801979298792,128.91256235309382,109839500
2021-05-03,129.65599060058594,131.15271231319818,128.9614481976195,129.16687034568793,75135100
2021-05-04,125.06806182861328,128.6288645532719,123.94308362244821,128.33538938179106,137564700
2021-05-05,125.31262969970703,127.61148620627858,125.18545364222994,126.38868542828287,84000900
2021-05-06,126.91695404052734,126.92673107390986,124.36373774806538,125.10720277127093,78128300
2021-05-07,127.5930404663086,128.62192556000028,126.87770127180185,128.2201771210303,78973300
2021-05-10,124.30059814453125,126.9365300969227,124.26140115764763,126.80915297265736,88071200
2021-05-11,123.37950134277344,123.73225929039904,120.30260126371391,121.01793322731803,126142800
2021-05-12,120.30260467529297,122.13502470718254,119.79305875777395,120.91994792228226,112172300
2021-05-13,122.45838928222656,123.61467427312743,121.76265955967637,122.07622799062943,105861300
2021-05-14,124.88854217529297,125.31970156938155,123.32070002778138,123.71266243367454,81918000
2021-05-17,123.73225402832031,124.37899310292869,122.65436304670058,124.27120325716062,74244600
2021-05-18,122.34078979492188,124.43777993260704,122.27219693905593,124.01642168198467,63342900
2021-05-19,122.18401336669922,122.40938669653873,120.39079046342964,120.68476412746298,92612000
2021-05-20,124.75135803222656,125.15312155926449,122.585774870456,122.71316695271737,76857100
2021-05-21,122.90913391113281,125.42748227973826,122.69355422979483,125.25109958373996,79295400
2021-05-24,124.54557800292969,125.36869980376578,123.40889524832689,123.4774881087248,63092900
2021-05-25,124.34960174560547,125.74106867528869,123.78125662475325,125.25111005560896,72009500
2021-05-26,124.30059814453125,124.82974625336892,123.87923988060832,124.40838798944601,56575900
2021-05-27,122.76216888427734,125.07473909754313,122.56619139883931,123.89885923279118,94625600
2021-05-28,122.1056137084961,123.2716997185338,122.04682196885067,123.04631892312548,71311100
2021-06-01,121.78224182128906,122.83073685559619,121.44907866835985,122.5661665562736,67637100
2021-06-02,122.54658508300781,122.72296780445203,121.55688909562903,121.7822624487701,59278900
2021-06-03,121.05713653564453,122.34080621458908,120.65537298589332,122.17422461028026,76229200
2021-06-04,123.35990142822266,123.62447923898972,121.36089981512367,121.57647951987867,75169300
2021-06-07,123.36967468261719,123.78123176635104,122.3211797448802,123.63424495757191,71057600
2021-06-08,124.19283294677734,125.87827381302043,123.67348585060678,124.05564720348936,74403800
2021-06-09,124.57498931884766,125.18253149773365,123.977248257251,124.65338330503849,56877900
2021-06-10,123.57547760009766,125.61367614452429,123.40889600611712,124.4671847907461,71186400
2021-06-11,124.79054260253906,124.87873768733272,123.56566486306369,123.98702310448563,53522400
2021-06-14,127.85763549804688,127.91642723799659,124.51617286716927,125.25109952078272,96906500
2021-06-15,127.03453826904297,127.9752510907451,126.78956268498881,127.32851196033258,62746300
2021-06-16,127.53427124023438,128.25940428449337,125.87824900552074,127.74985093036214,91815000
2021-06-17,129.14132690429688,129.88606227566868,127.04433642829339,127.19133075522794,96721700
2021-06-18,127.83805084228516,128.86693621675641,127.62247115663257,128.0830263985157,108953300
2021-06-21,129.64108276367188,129.74887261931582,126.61318811711466,127.68127808078076,79663300
2021-06-22,131.28729248046875,131.38528868125076,128.97472269195052,129.47448238296937,74783600
2021-06-23,131.012939453125,131.6204890694468,130.55238415861209,131.08153979372707,60214200
2021-06-24,130.72879028320312,131.93406611785448,130.25842633865025,131.74788225881792,68711000
2021-06-25,130.43479919433594,131.19912181234292,130.14082550615106,130.7777709892388,70783700
2021-06-28,132.0712127685547,132.5317679828533,130.669959847861,130.72875158549564,62111300
2021-06-29,133.59007263183594,133.7468605769358,131.64987040561977,132.09082341810688,64556100
2021-06-30,134.20741271972656,134.64836572202546,133.1393079515186,133.4332816037582,63261400
2021-07-01,134.51116943359375,134.5699611689942,133.03150764945613,133.85463680142217,52485800
2021-07-02,137.1471405029297,137.18633001828633,134.98154971442102,135.1285290871627,78852600
2021-07-06,139.16574096679688,140.2730204949,137.25493430561346,137.25493430561346,108181800
2021-07-07,141.6644744873047,141.9780354300495,139.79285761414,140.6551614207794,104911600
2021-07-08,140.36122131347656,141.16473348435932,137.84286503744906,138.73457978552972,105575500
2021-07-09,142.19363403320312,142.72277473602026,139.78306761517845,139.8810638333893,99890800
2021-07-12,141.59588623046875,143.37931564236285,141.10593506704151,143.27152578832394,76299700
2021-07-13,142.71299743652344,144.4964271377333,140.74339882279335,141.1353538362706,100827100
2021-07-14,146.15240478515625,146.56397686036559,144.71194737828577,145.1235194534951,127050800
2021-07-15,145.4958953857422,146.98535113045864,144.1338317300182,146.24063073416198,106820300
2021-07-16,143.44790649414062,146.75017267674576,142.94816167117358,145.47631156501131,93251400
2021-07-19,139.58709716796875,141.17454926069658,138.8227744741875,140.86097330831228,121434600
2021-07-20,143.21270751953125,144.1436266165373,140.08683190917176,140.57678303301844,96350000
2021-07-21,142.47779846191406,143.19313795676365,141.7232844033651,142.6051905545548,74993500
2021-07-22,143.84963989257812,145.2214969339576,142.8795313726681,143.00692343798204,77338200
2021-07-23,145.5742950439453,145.73108301310796,143.9672557403373,144.58459902383794,71447400
2021-07-26,145.9956817626953,146.818796290563,144.73159913935308,145.29015075248705,72434100
2021-07-27,143.8202667236328,146.21123076065714,142.62478470512065,146.1230281888383,104818600
2021-07-28,142.06622314453125,144.0162339928002,139.67525927689903,141.89964155731053,118931200
2021-07-29,142.71299743652344,143.60471228712836,141.67430319389587,141.78209306542092,56699500
2021-07-30,142.92855834960938,143.38911365343876,141.21372922534522,141.4783070482548,70440600
2021-08-02,142.59539794921875,143.99665116994922,142.33082012109094,143.41851235659007,62880000
2021-08-03,144.39840698242188,145.06473338535233,142.26221214218597,142.87955539064197,64786600
2021-08-04,143.99664306640625,144.81975742745607,143.34011030565534,144.31021898611445,56368300
2021-08-05,144.10446166992188,144.86878443654635,143.232349028408,144.02606767435452,46397700
2021-08-06,143.41749572753906,144.3694263865435,142.91700212338765,143.62359013779354,54126800
2021-08-09,143.368408203125,143.96704478811583,142.8090348226229,143.47635955368153,48908700
2021-08-10,142.8874969482422,144.95818852196402,142.59308291427553,143.711844263733,69023100
2021-08-11,143.14271545410156,143.98669476400684,142.81886136110603,143.32917826290446,48493500
2021-08-12,146.11622619628906,146.27324904121383,143.12304372844764,143.46652932990523,72282600
2021-08-13,146.32235717773438,146.65601957582584,145.50781781213945,146.19477421248263,59375000
2021-08-16,148.3046875,148.37339061458732,143.7413212084629,145.77275011469712,103296000
2021-08-17,147.39202880859375,148.85426118078644,146.31251533457103,147.4312770374107,92229700
2021-08-18,143.6333465576172,147.9121213324634,143.42725222182517,147.0092625234894,86326000
2021-08-19,143.96705627441406,145.2428409806357,141.80804406555308,142.32816925758922,86960300
2021-08-20,145.42929077148438,145.7335132179683,144.04555482987226,144.6932629269492,60549600
2021-08-23,146.9209747314453,147.3920283484006,145.1348733480979,145.54704713474933,60131800
2021-08-24,146.83265686035156,148.04956173285944,146.37141150401135,146.6658256638388,48606400
2021-08-25,145.59609985351562,147.519592250737,145.04653487560168,147.0190838087262,58991300
2021-08-26,144.79139709472656,146.34196428288527,144.76195717766552,145.58631977895118,48597200
2021-08-27,145.83164978027344,145.97884935283636,144.0946199514099,144.73250473188153,55802400
2021-08-30,150.26744079589844,150.63055805059383,145.84146538996188,146.22419927229765,90956700
2021-08-31,149.00146484375,149.9533952991406,148.47151645903594,149.8160040465339,86453100
2021-09-01,149.66879272460938,152.09277878484346,149.50196155532296,149.98283843704763,80313700
2021-09-02,150.78758239746094,151.83765609727,149.56086918246524,151.00348512126232,71115500
2021-09-03,151.42547607421875,151.74933014670412,150.23801114177232,150.89552760123323,57808700
2021-09-07,153.77093505859375,154.33030841689003,151.5137800748948,152.08297672118582,82278300
2021-09-08,152.2203369140625,154.11437426944298,151.11138376275437,154.05549445158968,74420200
2021-09-09,151.19972229003906,153.20171102031637,151.08194767683096,152.5932662544077,57305700
2021-09-10,146.1947479248047,152.58346376101343,145.92977372713005,152.11241016755477,140893200
2021-09-13,146.76393127441406,148.5990889424979,145.9788320399669,147.82381299473937,102404300
2021-09-14,145.36056518554688,148.25561957289722,144.17311549895538,147.5490317533872,109296300
2021-09-15,146.253662109375,146.65602765693535,143.64321266970225,145.79241672061602,83281300
2021-09-16,146.0181121826172,146.19476666188248,144.47736826246071,145.67464148744824,68034100
2021-09-17,143.33897399902344,146.04756618473306,143.04455985172558,146.04756618473306,129868800
2021-09-20,140.27708435058594,142.141682080616,138.63819761482773,141.12106347538898,123478900
2021-09-21,140.75796508789062,141.9061817623882,140.1200802460814,141.24865034298253,75834000
2021-09-22,143.1329345703125,143.7021164463889,141.02297840391432,141.759006490547,76404300
2021-09-23,144.09463500976562,144.33997763935906,142.9268016969767,143.91798052970498,64838200
2021-09-24,144.18295288085938,144.72270965382597,142.84828839430818,142.94643143467502,53477900
2021-09-27,142.6617889404297,143.24080877055397,141.1406770273248,142.75993195557527,74150700
2021-09-28,139.26629638671875,142.05338511565432,139.0503936707916,140.58132931134702,108972300
2021-09-29,140.16912841796875,141.75894358779652,139.3840291456937,139.81583449417113,74602000
2021-09-30,138.86390686035156,141.6902583077313,138.64800418175875,140.98367044588636,89056700
2021-10-01,139.9924774169922,140.25745160999782,136.51843289284824,139.25644963882814,94639600
2021-10-04,136.54788208007812,139.56069651109203,135.69409459126777,139.11906783458025,98322000
2021-10-05,138.48117065429688,139.59012394137855,136.76377254220841,136.89135547952526,80861100
2021-10-06,139.35458374023438,139.50178329662984,135.79220473023892,136.87171805888073,83221100
2021-10-07,140.62057495117188,141.53325731976742,140.06120154260262,140.3948639248738,61732700
2021-10-08,140.23780822753906,141.49396099877396,139.9041459233565,141.3467614453176,58773200
2021-10-11,140.14950561523438,142.1122464318601,139.16813520692153,139.61957218353604,64452200
2021-10-12,138.87371826171875,140.58130812824112,138.41247298124185,140.5616765276079,73035900
2021-10-13,138.284912109375,138.7657740406363,136.60676207042818,138.6087661510849,78762700
2021-10-14,141.08180236816406,141.19957699805144,138.87371898295444,139.46254720881987,69907100
2021-10-15,142.14170837402344,142.20058821172304,140.83648373175217,141.0916496611523,67940300
2021-10-18,143.81980895996094,144.10439973541497,140.4929645079589,140.77755528341294,85589200
2021-10-19,145.9886474609375,146.39101289718135,143.81982737932438,144.2712493533105,76378900
2021-10-20,146.4793243408203,146.96020117455672,145.36056280732043,145.92975937341998,58418800
2021-10-21,146.6952362060547,146.852259056455,145.1152293383939,146.0377198663419,61421000
2021-10-22,145.9199676513672,147.38219996847627,145.87089613630118,146.90133805459163,58883400
2021-10-25,145.87091064453125,146.5873069172707,144.86990854081654,145.91015887577328,50720600
2021-10-26,146.53823852539062,148.02991078440542,146.23400111612685,146.54804683877686,60893400
2021-10-27,146.07701110839844,146.94060700233715,145.72371711443793,146.57750469378993,56094900
2021-10-28,149.72767639160156,150.31648959684864,146.93076499947935,147.0289080209485,100077900
2021-10-29,147.00924682617188,147.14663804385583,143.68240272162797,144.47731012212222,124953200
2021-11-01,146.18495178222656,146.9111563462423,145.0465584432789,146.214391698361,74588300
2021-11-02,147.22520446777344,148.7463317156188,145.8807167195942,145.89054000814804,69122000
2021-11-03,148.66783142089844,149.1388850965005,147.02894438379172,147.58831781584547,54511500
2021-11-04,148.14767456054688,149.59027519786,147.83362886091194,148.7561193854356,60394600
2021-11-05,148.67840576171875,149.58258253436696,147.47938515102905,149.27791606706361,65463900
2021-11-08,147.8528289794922,148.96340074214248,147.5776454448072,148.80614872335738,55020900
2021-11-09,148.21646118164062,148.82579400908614,147.47935921435865,147.6169509817295,56787900
2021-11-10,145.37615966796875,147.54816002545584,145.3073712836708,147.44005113894966,65187100
2021-11-11,145.32705688476562,146.86022697622457,145.14032193837838,146.3983234198743,41000000
2021-11-12,147.4105987548828,147.81353650941713,144.94375410603553,145.8774137755265,63804000
2021-11-15,147.42039489746094,149.26806864568343,146.86019019858912,147.78402707270035,59222800
2021-11-16,148.4031982421875,148.8847769331927,146.77174226503004,147.3614298460006,59256200
2021-11-17,150.85037231445312,152.3343988008495,148.39336588218137,148.40318850921466,88807000
2021-11-18,155.155029296875,155.9412743134846,150.4179289405513,151.06658220398245,137827700
2021-11-19,157.78897094726562,158.25088939976666,153.83810003292044,154.93883421945299,117305600
2021-11-22,158.2509002685547,162.85040986078795,158.23124001490817,158.89953867509402,117467900
2021-11-23,158.63418579101562,159.01747824025801,156.32459347097884,158.34916461294523,96041900
2021-11-24,159.1550750732422,159.35163261820963,156.89462581516804,157.9855374355737,69463600
2021-11-26,154.11329650878906,157.69069791152225,153.67103827148128,156.82584169085234,76959800
2021-11-29,157.48431396484375,158.417973553797,156.05923801728514,156.6292653970327,88748200
2021-11-30,162.45729064941406,162.673508444908,157.1698072809554,157.23861066878493,174048100
2021-12-01,161.93638610839844,167.3712832030322,161.70050808933323,164.59977271543113,152052500
2021-12-02,160.9437713623047,161.3762069674829,155.08627542774454,156.0101124031017,136739200
2021-12-03,159.05679321289062,162.1231479856483,156.97325618498053,161.19931100266786,118023100
2021-12-06,162.4769287109375,164.99290090063192,161.45480563613842,161.46462826318137,107497000
2021-12-07,168.23614501953125,168.62927506471814,165.44498918240458,166.17226851871695,120405400
2021-12-08,172.069091796875,172.93396293794615,167.76441134011625,169.16982694435688,116998900
2021-12-09,171.55801391601562,173.71035393992497,170.9290208721844,171.9020008134574,108923700
2021-12-10,176.36395263671875,176.54086493199145,171.68581688842568,172.19687852363788,115402700
2021-12-13,172.71775817871094,178.99786706027314,172.51136300579722,178.00522669948663,153237000
2021-12-14,171.33200073242188,174.68336162152622,169.24846375567876,172.23617743924208,139380400
2021-12-15,176.21653747558594,176.41309502787303,169.34674079975917,172.0985915209184,131063300
2021-12-16,169.29759216308594,178.0248851678291,167.8135654456889,176.19687149781882,150185800
2021-12-17,168.19683837890625,170.48677026390172,166.77177759111154,167.0076406202552,195432700
2021-12-20,166.83074951171875,167.64647750919124,164.58013804602012,165.38602841932968,107499100
2021-12-21,170.01502990722656,170.22141005857458,166.21157358651485,168.60961436850548,91185900
2021-12-22,172.61947631835938,172.83569412545992,169.18948928424598,170.06418314156005,92135300
2021-12-23,173.2484588623047,173.80866359990947,172.25583353339374,172.82586089930805,68356600
2021-12-27,177.22885131835938,177.31729998150618,174.02491921674502,174.04456447763383,74919600
2021-12-28,176.20669555664062,178.21162153170226,175.45977087759823,177.0617441326432,79144300
2021-12-29,176.29515075683594,177.5236541153346,175.07647002650884,176.2460076232202,62348900
2021-12-30,175.1354217529297,177.46467413151436,175.0273128661905,176.3835852641225,59773000
2021-12-31,174.5162811279297,176.1477221985718,174.21159969660636,175.02732773011687,64062300
2022-01-03,178.87991333007812,179.73496187327837,174.653873733677,174.77180525837534,104487900
2022-01-04,176.60963439941406,179.79392040563258,176.0396070589959,179.4892539814939,99310400
2022-01-05,171.9118194580078,177.0715328218442,171.63663594498001,176.5211657957886,94537600
2022-01-06,169.04205322265625,172.28530491748282,168.68824367419558,169.73001206789144,96904000
2022-01-07,169.20912170410156,171.14524402422893,168.08872734087262,169.91674077523325,86709100
2022-01-10,169.2288055419922,169.53347199078678,165.27793434356843,166.17228843262194,106765600
2022-01-11,172.069091796875,172.1673630652104,167.88235785704865,169.35656184948618,76138300
2022-01-12,172.5113525390625,174.13297095610363,171.8135710369917,173.09120251884048,74805200
2022-01-13,169.2288055419922,173.5826144650006,168.835675449693,172.7570637657418,84505800
2022-01-14,170.09365844726562,170.7914399169012,168.1476984416165,168.3933990992247,80440800
2022-01-18,166.87991333007812,169.57278332194957,166.49662084966823,168.56049766865218,90956700
2022-01-19,163.37130737304688,168.13790701368765,163.08630115574192,167.07647817629606,94815000
2022-01-20,161.68087768554688,166.7619661877595,161.3565509731018,164.10840171802175,91420500
2022-01-21,159.6169891357422,163.46957389675498,159.50888023954428,161.59241715203612,122848900
2022-01-24,158.840576171875,159.50888984216238,152.03958291935942,157.26810076459748,162294600
2022-01-25,157.03219604492188,159.960943553215,154.31966630533267,156.24595097657829,115798400
2022-01-26,156.9437713623047,161.5629412237311,155.10593504422843,160.6882473882618,108275300
2022-01-27,156.4818572998047,161.02240127110773,155.55802030212934,159.65630602886313,121954600
2022-01-28,167.40077209472656,167.42043234611594,160.00026956448573,162.86022878833853,179935700
2022-01-31,171.77423095703125,171.9904487208476,166.59485724513786,167.2336879096415,115541600
2022-02-01,171.607177734375,171.83321815334287,169.3467285555597,171.01749012376968,86213900
2022-02-02,172.81602478027344,172.8553452866124,170.34919537896823,171.74477342641566,84914300
2022-02-03,169.9265594482422,173.20913145041823,169.15997463841794,171.47938931840278,89418100
2022-02-04,169.64120483398438,171.32394513354754,167.9584645344212,168.94251932550307,82465400
2022-02-07,168.9228515625,171.1763304609041,168.22416604358875,170.1037143263292,77251200
2022-02-08,172.04229736328125,172.55401004838063,168.69650213361186,168.9917215679186,74829200
2022-02-09,173.46917724609375,173.83327271357754,172.11117683042102,173.24284884864312,71285000
2022-02-10,169.37551879882812,172.68194375053233,168.8146153330359,171.36331383328056,90865900
2022-02-11,165.9510040283203,170.32020982591467,165.36056513089437,169.5821687118747,98670700
2022-02-14,166.1871795654297,166.87601492289843,163.90416522012222,164.70124720629926,86185500
2022-02-15,170.03482055664062,170.19227292675632,167.5353279968633,168.24384864689935,62527400
2022-02-16,169.79869079589844,170.57608762783394,167.3385533314997,169.10985530896428,61177400
2022-02-17,166.1871795654297,169.1688644106395,165.78371349338204,168.30289138097328,69589300
2022-02-18,164.6323699951172,167.82069791691148,163.54006857345092,167.1121922796674,82772700
2022-02-22,161.6999053955078,164.03211066057264,159.56449308823295,162.3493702057695,91162800
2022-02-23,157.5176544189453,163.50069421366558,157.20274968475783,162.90042020266935,90009200
2022-02-24,160.14508056640625,160.25332719300383,149.57632680623354,150.14708038143124,141147500
2022-02-25,162.22146606445312,162.48715009234238,158.30491651486224,161.22756094554026,91974200
2022-02-28,162.48712158203125,162.78234102115098,159.84001180321536,160.4599711238184,95056600
2022-03-01,160.59774780273438,163.94354328714707,159.3873645469528,162.07383007117033,83474400
2022-03-02,163.90415954589844,164.69140636238802,160.35172123734418,161.76876250392863,79724800
2022-03-03,163.5794219970703,166.21669661748916,162.91027195360368,165.78371011148872,76678400
2022-03-04,160.56822204589844,162.9102773059474,159.51529120397137,161.86718160657645,83737200
2022-03-07,156.7599639892578,162.38875977204634,156.5041000801844,160.75522487368383,96418800
2022-03-08,154.92958068847656,160.28284087725882,153.31573151528343,156.28758103481016,131148300
2022-03-09,160.35171508789062,160.80438687004462,156.86816795403388,158.905153435018,91454900
2022-03-10,155.99237060546875,157.83254827067594,153.49286301272676,157.64557545679153,105342000
2022-03-11,152.2627716064453,156.7402232616393,152.03644324155346,156.39579812836195,96970100
2022-03-14,148.2183380126953,151.66253001815127,147.70664029732,149.035105347276,108732100
2022-03-15,152.61705017089844,153.089407270085,147.98216062819657,148.49385829575584,92964300
2022-03-16,157.0452880859375,157.44875412209134,151.9970976174266,154.54579572106195,102300200
2022-03-17,158.05886840820312,158.43281401642653,155.11655432923627,156.08092377543556,75615400
2022-03-18,161.36529541015625,161.85732279036876,157.212583119924,157.95062419024276,123511700
2022-03-21,162.74301147460938,163.69754597170976,160.41079104635503,160.90281851844856,95811400
2022-03-22,166.1281280517578,166.71855188517935,162.28047042303692,162.87089425645846,81532000
2022-03-23,167.4959716796875,169.88721760148997,164.9767788153055,165.3113688542094,98062700
2022-03-24,171.29444885253906,171.36332488957797,167.49599622256298,168.33243390367338,90131400
2022-03-25,171.93406677246094,172.48513509296794,169.99547749215097,171.10746429170044,80546200
2022-03-28,172.80003356933594,172.92795048627315,169.25743018713217,169.42471770580778,90371900
2022-03-29,176.1064453125,176.15563603779327,173.528211647518,173.87263681747436,100589400
2022-03-30,174.93544006347656,176.74609743731983,173.88249413539714,175.7030016679424,92633200
2022-03-31,171.8258056640625,175.19127120838715,171.6191475535364,175.0042983977884,103049300
2022-04-01,171.53060913085938,172.09152763755276,169.19840379678678,171.2550749570232,78751300
2022-04-04,175.5947265625,175.64393230157518,171.6585076842211,171.78643960271984,76468400
2022-04-05,172.2686309814453,175.4569739407951,171.638836509714,174.66972709725982,73401800
2022-04-06,169.09014892578125,170.86145068243167,167.4172586616336,169.61169680197753,89058800
2022-04-07,169.3952178955078,170.59576613151657,167.14173867476228,168.43084825224216,77594700
2022-04-08,167.37789916992188,169.04095440141643,166.50209088425444,169.04095440141643,76575500
2022-04-11,163.10707092285156,166.33476922464124,162.8610572412183,166.0198795202021,72246700
2022-04-12,164.9866180419922,167.16137056561655,163.9828780227514,165.3408783419899,79265200
2022-04-13,167.68295288085938,168.31274743098942,164.11084372073287,164.72095296806577,70618900
2022-04-14,162.65443420410156,168.53909354843174,162.40842046943686,167.89944882901148,75329400
2022-04-18,162.43795776367188,163.94356063555975,160.96187533903773,161.3062855621602,69023900
2022-04-19,164.73077392578125,165.14409017149563,161.2964321500132,162.3887336211493,67723800
2022-04-20,164.5634765625,166.1871759578773,163.45150487225482,166.06907917381437,67929800
2022-04-21,163.7664031982422,168.7949239860417,163.26454063992998,166.21670513338208,87227800
2022-04-22,159.21022033691406,165.1932753547798,158.92485105020066,163.80576949112535,84882400
2022-04-25,160.28282165527344,160.56819088887514,155.93330202737678,158.55087591044014,96046400
2022-04-26,154.29978942871094,159.75144619433357,154.22106324602348,159.66288486961668,95623200
2022-04-27,154.07345581054688,157.24209821717469,152.9024282829644,153.42397608702464,88063200
2022-04-28,161.03073120117188,161.89670425341123,156.3958263617354,156.71073111363518,130216800
2022-04-29,155.13624572753906,163.54991794930683,154.7426297819827,159.25943807460507,131747600
2022-05-02,155.4413299560547,155.70701398729622,150.82610973572451,154.2112612412753,123055300
2022-05-03,156.93707275390625,158.14747110367338,153.82747065183054,155.62827792248643,88966500
2022-05-04,163.37278747558594,163.82544428980776,156.7205671988061,157.12403328379716,108256500
2022-05-05,154.27024841308594,161.463685349551,152.4792617806375,161.23735698918603,130525300
2022-05-06,154.99952697753906,157.12821179757466,151.94446922447622,153.7479370549887,116124600
2022-05-09,149.855224609375,153.5705662251753,149.29349706523496,152.68360662844097,131577900
2022-05-10,152.2697296142578,154.46740731794827,150.71263648010404,153.2650950882542,115366700
2022-05-11,144.37583923339844,153.19606667734942,143.69584140711092,151.2743434971103,142689800
2022-05-12,140.49298095703125,144.08020299470905,136.78750364436277,140.6999427258126,182602000
2022-05-13,144.97702026367188,145.95267144882655,141.03501714594583,142.49355408899086,113990900
2022-05-16,143.42977905273438,145.3810814533927,142.08949737035988,143.43964368471316,86643800
2022-05-17,147.07614135742188,147.5984555661727,144.55324673702833,146.70164625018603,78336300
2022-05-18,138.77821350097656,145.2233813560545,137.87153963890293,144.72078142086878,109742900
2022-05-19,135.35853576660156,139.6060416476657,134.6194101946053,137.85185149313176,136095600
2022-05-20,135.5950469970703,138.65995498562737,130.68725738522548,137.07329814838306,137426100
2022-05-23,141.03500366210938,141.18282274987226,135.65416330433425,135.79213279876197,117726300
2022-05-24,138.32485961914062,139.9115161270146,135.33879411636306,138.76833186496543,104132700
2022-05-25,138.48251342773438,139.7340880455225,136.33411484466612,136.4228062671786,92482700
2022-05-26,141.69529724121094,142.24717525757603,135.1515728345783,135.3979480231376,90601500
2022-05-27,147.47032165527344,147.50973506608682,143.15382385017716,143.28194375102797,90978500
2022-05-31,146.68190002441406,148.47551826509655,144.710898900611,146.90857598068396,103718400
2022-06-01,146.55381774902344,149.53988370849348,145.53873817938137,147.72655096677192,74286600
2022-06-02,149.01756286621094,149.07669050037924,144.73062893844732,145.68656579095972,72348100
2022-06-03,143.27210998535156,145.82455342819665,142.36545106101252,144.770060362495,88570300
2022-06-06,144.02108764648438,146.41586243222446,142.79906122963087,144.89818276511863,71598400
2022-06-07,146.55381774902344,146.83960633947197,142.0106588574211,142.25703403584302,67808200
2022-06-08,145.814697265625,147.69699226544608,145.3219468917094,146.42570291726497,53950200
2022-06-09,140.57183837890625,145.80484540213257,140.4634326856499,144.9474644884546,69473000
2022-06-10,135.14170837402344,138.71906549283727,135.07271611079338,138.2460293933542,91437900
2022-06-13,129.9678192138672,133.23967326736573,129.5341965596281,130.94345514835987,122207100
2022-06-14,130.8350830078125,131.9487037426672,129.5736431654767,131.1997285355144,84784300
2022-06-15,133.46633911132812,135.3486488673454,130.24376297463832,132.34286902822936,91533000
2022-06-16,128.17420959472656,130.47042786825955,127.16899474112004,130.16492507881696,108123900
2022-06-17,129.65245056152344,131.15041561507837,127.92782459091552,128.18406435914898,134520300
2022-06-21,133.8999786376953,135.07272690596213,131.3869638200352,131.48550486996535,81000500
2022-06-22,133.38754272460938,135.76258828513818,131.9684191301138,132.83564963087838,73409200
2022-06-23,136.2651824951172,136.58053489148253,133.66346131552876,134.83620952437622,72433800
2022-06-24,139.60601806640625,139.85239321545572,137.74342254109405,137.87152739306867,89116800
2022-06-27,139.60601806640625,141.40948596195392,138.92602024902237,140.63093206993196,70207900
2022-06-28,135.4472198486328,141.34050987783795,135.32896457557,140.06922057977073,67083400
2022-06-29,137.2112579345703,138.63038134531047,134.6883785543866,135.46693252662052,66242400
2022-06-30,134.73764038085938,136.36371032139607,131.83041667995218,135.25995448479154,98964500
2022-07-01,136.91558837890625,137.02399404422195,133.69301230892643,134.06749230384347,71051600
2022-07-05,139.50746154785156,139.5567395850138,134.9445889899598,135.77242091666662,73353800
2022-07-06,140.8477325439453,142.03033016068872,139.03441519576913,139.30050454673838,74064300
2022-07-07,144.22804260253906,144.42513974752345,141.20254804373226,141.2123976378396,66253700
2022-07-08,144.9080047607422,145.4106197017086,142.89759010951482,143.1538148575739,64547800
2022-07-11,142.7694549560547,144.51379508007224,141.69526300251138,143.55785837644726,63141600
2022-07-12,143.74514770507812,146.2975911754457,142.94689446077814,143.64659160977368,77588800
2022-07-13,143.38050842285156,144.3265807145126,140.0593606954875,140.91675656689353,71185600
2022-07-14,146.31729125976562,146.79032738889836,141.17297636311127,141.99094375492155,78140700
2022-07-15,147.99264526367188,148.67264318460957,146.05120759050547,147.6083005741264,76259900
2022-07-18,144.9375762939453,149.37232886647305,144.57293085689554,148.55436158747918,81420900
2022-07-19,148.81060791015625,149.0372688640094,144.77991359630315,145.77526390456921,82982400
2022-07-20,150.82102966308594,151.49117799927419,148.18974443892895,148.92887000877803,64823400
2022-07-21,153.09754943847656,153.31436080918664,149.73698823001865,152.25986777550145,65086600
2022-07-22,151.8557891845703,154.01403798046638,151.18565597102892,153.13694301712763,66675400
2022-07-25,150.73233032226562,152.7920231935369,150.07204665223094,151.7769586670234,53623900
2022-07-26,149.40191650390625,150.87030296581528,148.61351291334188,150.05233555639018,55138700
2022-07-27,154.51666259765625,155.04884144648923,149.9538041551516,150.3677126833835,78620700
2022-07-28,155.06854248046875,155.3543310693815,152.17116799178928,154.70389699283152,81378700
2022-07-29,160.15370178222656,161.25747271207914,157.18735030288008,158.90212681060993,101786900
2022-08-01,159.16822814941406,161.21807160961242,158.55722246790594,158.67547775141105,67829400
2022-08-02,157.68995666503906,160.05516729364513,157.31547663627524,157.77866315380257,59907000
2022-08-03,163.72122192382812,164.17454378554137,158.4192238049961,158.5079152513036,82507500
2022-08-04,163.40586853027344,164.76586430720064,162.04587275334626,163.60296566260632,55474100
2022-08-05,163.1788787841797,163.67231353700947,160.85972942250632,161.0669786444056,56697000
2022-08-08,162.70518493652344,165.60658394853183,162.04398411639912,164.18548932563507,60276900
2022-08-09,162.75454711914062,163.64273887329983,161.10647654738344,161.8663704234178,63135500
2022-08-10,167.01780700683594,167.11648492615134,164.70852083002953,165.47827786948693,70170500
2022-08-11,166.27769470214844,168.74486915287414,165.9816307563738,167.82707242681653,57149200
2022-08-12,169.8402557373047,169.9093287754835,167.17569590306383,167.59019436587388,68039400
2022-08-15,170.9159393310547,171.1133102288565,169.10010297778325,169.2678689938365,54091700
2022-08-16,170.75804138183594,171.42912052331732,169.40603488259293,170.5113239880509,56377100
2022-08-17,172.25807189941406,173.83705404292962,170.30407453228813,170.5014454179234,79542000
2022-08-18,171.86334228515625,172.60349451732048,170.8468677576589,171.4686004513763,62290100
2022-08-19,169.26788330078125,171.4587350859564,169.06063405258988,170.758051022337,70346300
2022-08-22,165.36972045898438,167.629644866865,164.94535876639668,167.4618788678898,69026800
2022-08-23,165.03419494628906,166.49477276056035,164.46180878530728,164.88617053329148,54147100
2022-08-24,165.33026123046875,165.90264739975865,164.06706935977206,165.12302704926418,53841500
2022-08-25,167.79742431640625,167.9059805666135,166.13949074062336,166.56383740879377,51218200
2022-08-26,161.4716033935547,168.80405254539968,161.4123936253421,168.3303593412636,78961000
2022-08-29,159.2610321044922,160.76106316026429,157.72151782921043,159.03404123840198,73314000
2022-08-30,156.82347106933594,160.42553952970596,155.64909369131306,160.0011927774789,77906200
2022-08-31,155.1556396484375,158.47152210531658,155.07668827346,158.20506309707196,87991100
2022-09-01,155.8859405517578,156.33989216971713,152.6391308869704,154.5832653521816,74229900
2022-09-02,153.76414489746094,158.2544044411162,152.93517807481416,157.65241340262483,76957800
2022-09-06,152.5009765625,155.0273606352828,151.67200961207504,154.4155062278411,73714800
2022-09-07,153.9121856689453,154.61285463504657,151.59303614241935,152.78715495485997,87449600
2022-09-08,152.43186950683594,154.3069155323693,150.6752279441013,152.60949878868428,84923800
2022-09-09,155.3036651611328,155.74776853082003,152.71807161072002,153.42861893209738,68028800
2022-09-12,161.28408813476562,162.10319169268726,157.20832701154205,157.49451256385936,104956000
2022-09-13,151.82000732421875,158.4320302699307,151.35617743298022,157.80043436290458,122656600
2022-09-14,153.27073669433594,155.03724195917457,151.59306115038453,152.75756021389577,87965400
2022-09-15,150.3693084716797,153.2016343191028,149.39231725485783,152.6193698403597,90481100
2022-09-16,148.7212371826172,149.36271142090462,146.4218293394224,149.22455028716234,162278800
2022-09-19,152.4516143798828,152.530565756339,147.142266074514,147.34950026158054,81474200
2022-09-20,154.83982849121094,156.00434240653766,151.06999458899193,151.3857850189289,107689800
2022-09-21,151.70159912109375,156.6556888275703,151.5831795854477,155.27406232514645,101696800
2022-09-22,150.73448181152344,152.44176215818038,148.9285084725313,150.37920812092767,86652500
2022-09-23,148.45477294921875,149.4811256708757,146.60933178685332,149.20480341314504,96029900
2022-09-26,148.79034423828125,151.7509532458143,147.67517669341092,147.69491830315658,93339400
2022-09-27,149.76730346679688,152.68844368705126,147.98107215786084,150.73444637733243,84442700
2022-09-28,147.87255859375,148.66205739939247,142.93820988153112,145.70144817206113,146691400
2022-09-29,140.60914611816406,144.79347774230442,138.83277820893315,144.18162354073726,128138200
2022-09-30,136.3853759765625,141.2210460611346,136.18800506786133,139.42493615755308,124925300
2022-10-03,140.57958984375,141.19145931529042,135.8820953561044,136.39527183139853,114311700
2022-10-04,144.18167114257812,144.30009068947933,142.36581942561767,143.125713321253,87830100
2022-10-05,144.47769165039062,145.44483462169993,141.13220458118386,142.17829892107557,79471000
2022-10-06,143.52041625976562,145.60271139252504,143.31318210889143,143.8954314678292,68402200
2022-10-07,138.2505340576172,141.22102066261786,137.61893822830447,140.6683611358409,85925600
2022-10-10,138.57623291015625,140.0269324842531,136.75053311295184,138.57623291015625,74899000
2022-10-11,137.15513610839844,139.49402735669463,136.40512061529776,138.063054355342,77033700
2022-10-12,136.52352905273438,138.51700974724292,136.3458997629281,137.30316442493086,70433700
2022-10-13,141.1124725341797,141.70458518782445,132.60564736672077,133.2175166847836,113224000
2022-10-14,136.56301879882812,142.62239748423457,136.37551116721934,142.41514824444727,88598000
2022-10-17,140.5400848388672,141.0236412417774,138.4281847753723,139.21768336307096,85250900
2022-10-18,141.86248779296875,144.7737497481639,138.7637182271675,143.57964610972482,99136600
2022-10-19,141.97103881835938,143.04672289831205,139.64202632814627,139.82953393185838,61758300
2022-10-20,141.50721740722656,143.97439116428012,140.77692855410262,141.14208050988137,64522000
2022-10-21,145.33628845214844,145.90867462024406,140.7769407155068,140.99405322955806,86548600
2022-10-24,147.4876708984375,148.25742804538453,144.08297350872007,145.25735083913412,75981900
2022-10-25,150.33970642089844,150.4877458912043,147.39883932372416,148.11924989222194,74732300
2022-10-26,147.3889923095703,149.9943276549768,146.09618038338365,148.9778530921607,88194300
2022-10-27,142.89869689941406,147.09289198935082,142.23749618636535,146.12576416144415,109180200
2022-10-28,153.695068359375,155.4319533375391,145.87906336998515,146.25406355734995,164762400
2022-10-31,151.3265838623047,152.2147755550462,149.92523080942135,151.1489545588176,97943200
2022-11-01,148.67193603515625,153.40891429995355,147.1719047137475,153.04377727622676,80379300
2022-11-02,143.12570190429688,150.17195049314788,143.09609701993313,146.9942290649959,93604600
2022-11-03,137.05645751953125,140.92498461939732,136.92815965034873,140.1946956802254,97918500
2022-11-04,136.78955078125,141.03023754059535,132.83552430474884,140.456901891493,140814800
2022-11-07,137.32333374023438,137.55068603269024,134.11068732115655,135.5341392248018,83374600
2022-11-08,137.89666748046875,139.8044779338877,135.9097746908865,138.796212085486,89908500
2022-11-09,133.31988525390625,136.95759752003397,133.0431046023265,136.90816917152026,74917800
2022-11-10,145.18197631835938,145.18197631835938,137.8966866598679,139.61669377296678,118854000
2022-11-11,147.9794464111328,148.28588106740983,142.71070401695297,144.1440507641814,93979700
2022-11-14,146.5757598876953,148.5527731206919,145.73552323030617,147.25783186642536,73374100
2022-11-15,148.31553649902344,151.82473825025608,146.85255082741247,150.47048891741846,89868300
2022-11-16,147.0799102783203,148.14749936078283,145.59715017769167,147.4160140311921,64218300
2022-11-17,148.9877166748047,149.7389762643868,144.47023425105218,144.74701489370946,80389400
2022-11-18,149.55116271972656,150.94496070019653,148.246341800127,150.5594437144723,74829600
2022-11-21,146.3088836669922,148.64176028052393,146.02222333634097,148.43418230260116,58724100
2022-11-22,148.4539031982422,148.6911501950918,145.24125698087363,146.42747688170903,51804100
2022-11-23,149.333740234375,150.08500002626616,147.6236124875716,147.73234884671274,58301400
2022-11-25,146.40773010253906,147.16888449613631,145.42910302505686,146.6054284287757,35195900
2022-11-28,142.5624237060547,144.95460787890806,141.73208177830335,143.47184797217477,69246000
2022-11-29,139.54747009277344,143.14563338917574,138.7369025521412,142.63160575157164,83763800
2022-11-30,146.32864379882812,147.01071582680532,138.9346179969114,139.7748396315525,111380900
2022-12-01,146.60540771484375,147.4159903463265,144.92494955414173,146.50656610739853,71250400
2022-12-02,146.11114501953125,146.29896367002118,143.97596733513902,144.2824170237034,65447400
2022-12-05,144.94476318359375,149.1854509024183,144.09464669546585,146.0716603810268,68826400
2022-12-06,141.26747131347656,145.6070143612091,140.28884442227303,145.37966208348357,64727200
2022-12-07,139.3201141357422,141.7221777874695,138.39091557496423,140.55574731051865,69721100
2022-12-08,141.01048278808594,141.87049392300491,139.47830938217072,140.72382246539036,62128300
2022-12-09,140.52610778808594,143.89691905591846,139.28057976630063,140.7040317435328,76097000
2022-12-12,142.82933044433594,142.83921008074833,139.4387448115005,141.0598951045821,70462700
2022-12-13,143.79808044433594,148.24636089095367,142.58222134561697,147.7817615043003,93886200
2022-12-14,141.56402587890625,144.97437036858227,139.53758448888027,143.67942923603562,82291200
2022-12-15,134.93116760253906,140.17025624774567,134.46656823635524,139.48818419596876,98931900
2022-12-16,132.9640350341797,136.06794556798988,132.1930009902241,135.11898755239025,160156900
2022-12-19,130.84861755371094,133.6460931216457,129.81069766078807,133.5571311451233,79592600
2022-12-20,130.77943420410156,131.7185125149171,128.39712953221752,129.87988952300458,77432800
2022-12-21,133.8932342529297,135.23760401600552,131.2242690848365,131.45162141055363,85928000
2022-12-22,130.71023559570312,133.01345799694343,128.80242492111796,132.8058800384377,77852100
2022-12-23,130.34449768066406,130.8980590346716,128.150011539123,129.4152989435447,63814900
2022-12-27,128.53550720214844,129.8996510860134,127.24056601774359,129.86999709579138,69007800
2022-12-28,124.59137725830078,129.52402325835672,124.42333294025542,128.17965363057965,85438400
2022-12-29,128.12034606933594,128.9803420184741,126.26195630324504,126.51896259932623,75703700
2022-12-30,128.43667602539062,128.4564503839377,125.9654166682795,126.93415661096817,77034200
2023-01-03,123.63253021240234,129.39551842727084,122.74287269172645,128.78264911213327,112117500
2023-01-04,124.90769958496094,127.18126787275598,123.64241229292817,125.4316068972832,89113600
2023-01-05,123.58309173583984,126.30148488412831,123.32608545003059,125.66884126386319,80962700
2023-01-06,128.13023376464844,128.79253144434853,123.45460129199294,124.5617315121944,87754700
2023-01-09,128.6541290283203,131.87667022454877,128.39712274020837,128.9704583829939,70790800
2023-01-10,129.22747802734375,129.75138537718297,126.64747490986099,128.76287866678214,63896200
2023-01-11,131.9557647705078,131.9755240444425,128.9605906771462,129.74150433319187,69458900
2023-01-12,131.87669372558594,132.71691544226815,129.9293341536629,132.3412931209229,71379600
2023-01-13,133.2111358642578,133.369300530634,130.14677464113623,130.51251723414498,57809700
2023-01-17,134.37759399414062,135.7120688975574,132.5883994032112,133.28035102906594,63646600
2023-01-18,133.65597534179688,137.01689153014115,133.47803632197883,135.24747146776636,69672800
2023-01-19,133.71530151367188,134.68403382720132,132.23254150823482,132.53897616267878,58280400
2023-01-20,136.28541564941406,136.43370070636414,132.67737218152695,133.72518688361293,80223600
2023-01-23,139.48817443847656,141.67278077878365,136.31506144495467,136.5325341153351,81760300
2023-01-24,140.89186096191406,141.514625019409,138.6874952095744,138.69737484670043,66435100
2023-01-25,140.22955322265625,140.79299416676852,137.21460493959157,139.27070057060922,65799300
2023-01-26,142.30540466308594,142.59206491599028,140.26906857030244,141.52447606882814,54105100
2023-01-27,144.2527618408203,145.5378234459024,141.43552706245464,141.51460940098116,70555800
2023-01-30,141.35647583007812,143.87717124792727,141.20820583984698,143.2939558417953,64015300
2023-01-31,142.63160705566406,142.68103540109175,140.64471427014323,141.05988522159177,65874500
2023-02-01,143.7584991455078,144.92494470830036,139.69575173845908,142.3152880410748,77663600
2023-02-02,149.08657836914062,149.44242627870938,146.46702672863907,147.18863235095503,118339000
2023-02-03,152.7242889404297,155.57119313377925,146.13095089780094,146.32864922602454,154357300
2023-02-06,149.98611450195312,151.3403789118004,149.04703617157855,150.81647157748358,69858300
2023-02-07,152.87255859375,153.4458943027817,148.9086520667493,148.9086520667493,83322600
2023-02-08,150.17393493652344,152.80336635897712,149.43255491704016,152.11141469080906,64120100
2023-02-09,149.13600158691406,152.55624141902396,148.6911765868534,152.0125597152097,56007100
2023-02-10,149.5023193359375,149.82902644753565,147.73019724066455,147.9678065326758,57450700
2023-02-13,152.31394958496094,152.71984461594153,149.413195193509,149.44289446147238,62199000
2023-02-14,151.67044067382812,152.23475701699866,149.35380697400552,150.60122163396125,61707600
2023-02-15,153.7791748046875,153.94747569846558,151.3536388197947,151.58133825179516,65573800
2023-02-16,152.17535400390625,154.76919088525318,151.8189476677602,151.97733873436857,68167900
2023-02-17,151.0269317626953,151.47243590583543,149.34390771836374,150.8289315997935,59144100
2023-02-21,146.99754333496094,149.7893951720759,146.92825008356576,148.70037173778798,58867200
2023-02-22,147.42327880859375,148.4528887502369,145.69075089528818,147.3836697109664,51011300
2023-02-23,147.9083709716797,148.83898834448985,145.7699480861059,148.591484366889,48394200
2023-02-24,145.24525451660156,145.72045796846467,144.26513323484133,145.64125487541327,55469600
2023-02-27,146.44313049316406,147.68065020234755,145.97782187399574,146.23523564162863,44998500
2023-02-28,145.93826293945312,147.59158785522064,145.36405184371336,145.58185657335414,50547000
2023-03-01,143.85919189453125,145.7600203967964,143.5621841365181,145.36402012374026,55479000
2023-03-02,144.4532470703125,145.24526294031543,142.4633051197938,142.9385237056633,52238100
2023-03-03,149.52207946777344,149.60128254158136,145.859024166197,146.5619268982745,70732300
2023-03-06,152.29417419433594,154.73951510110595,151.92787308169673,152.25456509183923,87558000
2023-03-07,150.08642578125,152.49215731620518,149.62111707090608,152.16545023619062,56182000
2023-03-08,151.34375,151.93776567756532,150.31413994619248,151.2843514535327,47204800
2023-03-09,149.0865020751953,152.99706215582498,148.73009571987657,152.02685072996366,53833600
2023-03-10,147.0173797607422,149.43302127956616,146.1362661024609,148.7103138108838,68572400
2023-03-13,148.96768188476562,151.61102231566625,146.2253338291279,146.33423617376167,84457100
2023-03-14,151.06654357910156,151.86845415267095,148.60141331315802,149.76962498664284,73695900
2023-03-15,151.46255493164062,151.71995365613,148.42319852737018,149.68052309089944,77167900
2023-03-16,154.29400634765625,154.8979167381579,150.12603215969472,150.64084473187137,76161100
2023-03-17,153.45248413085938,155.17511745555205,152.7396713831552,154.52170325241562,98944600
2023-03-20,155.8284912109375,156.24431116818113,152.61093964757077,153.52176753764005,73641400
2023-03-21,157.6897430419922,157.80854012474336,154.97709383642948,155.7493201936468,73938300
2023-03-22,156.2542266845703,160.5211932163919,156.23442213481738,157.70955140928402,75701800
2023-03-23,157.3432159423828,159.93706781022715,156.10569609721924,157.24422341863578,67622100
2023-03-24,158.6500701904297,158.73916800835937,156.27403774029648,157.27394850099208,59196500
2023-03-27,156.69972229003906,159.1648674270664,156.29381212775743,158.34315238139064,52390300
2023-03-28,156.0760040283203,156.9076288835252,154.42267925169685,156.3928163743877,45992200
2023-03-29,159.1648712158203,159.44207447801494,157.75905035570605,157.77883979840226,51305700
2023-03-30,160.7389678955078,160.84787023912273,159.65985428560523,159.91725295849392,49501700
2023-03-31,163.25360107421875,163.3526086978247,160.29346346957524,160.81817064051347,68749800
2023-04-03,164.51095581054688,164.62975289569243,162.58042764470542,162.62993146566447,56976200
2023-04-04,163.97633361816406,165.1742443629799,163.461521135219,164.93665022196166,46278300
2023-04-05,162.12501525878906,163.40214436262949,160.18459235196994,163.09524181864398,51511700
2023-04-06,163.0160369873047,163.3130448064106,160.38259082111486,160.80829044689202,45390100
2023-04-10,160.41229248046875,160.41229248046875,158.48176428720794,159.80838211165943,47716900
2023-04-11,159.19456481933594,160.7389872555695,158.90745173956898,160.72909253457362,47644200
2023-04-12,158.50155639648438,160.441979159197,158.18474404786926,159.61036940374873,50133100
2023-04-13,163.90704345703125,164.14465273087802,159.80837789845614,160.01628790137767,68445600
2023-04-14,163.560546875,164.65946521821587,162.18442526560762,162.94672669437054,49386500
2023-04-17,163.58030700683594,163.73871316096566,162.39229106374768,163.44170539858303,41516200
2023-04-18,164.80795288085938,165.73857027099072,163.99613256812546,164.4416518212544,49923000
2023-04-19,165.9563751220703,166.48108235627174,163.8872303481945,164.14464415802902,47720200
2023-04-20,164.98614501953125,166.19396563576217,163.90703130539762,164.43173852810273,52456400
2023-04-21,163.3724365234375,164.78815208279067,162.8477292777316,163.40213579346278,58337300
2023-04-24,163.67933654785156,163.94664508043508,162.25371118266517,163.35262947612597,41949600
2023-04-25,162.13490295410156,164.64953661232676,162.09529385976796,163.54072367407858,48714100
2023-04-26,162.12501525878906,163.62984381357916,161.1746083552498,161.43200707778223,45498800
2023-04-27,166.72860717773438,166.87710354316513,163.54075427728802,163.54075427728802,64902300
2023-04-28,167.98590087890625,168.15421688581486,166.2038842356674,166.80779457565893,55209200
2023-05-01,167.8968048095703,168.74821914844807,166.95629265889536,167.5899022757501,52472900
2023-05-02,166.85728454589844,168.6492261368123,165.86726857821876,168.3918123170909,48425700
2023-05-03,165.7781524658203,169.21350870294293,165.49105451372273,167.80768799680482,65136000
2023-05-04,164.13473510742188,165.3722550253471,162.66951575440282,163.24372680909343,81235400
2023-05-05,171.8370819091797,172.55978934902075,169.0551242996228,169.27292902501793,113316400
2023-05-08,171.7677764892578,172.11428813282294,170.3916548495959,170.7579559365768,55962800
2023-05-09,170.05506896972656,171.80738658228358,169.88676804624944,171.32228836356919,45326900
2023-05-10,171.8271484375,172.2924570953219,170.18371850163723,171.2925465255573,53724500
2023-05-11,172.01528930664062,172.8468991660868,170.45106212923693,172.11429695457542,49514700
2023-05-12,171.08335876464844,172.5605130962495,169.52687667093326,172.12430116865193,45497800
2023-05-15,170.58767700195312,171.71785564660993,169.9928397669383,171.66828335580215,37266700
2023-05-16,170.58767700195312,171.64845141401116,170.3199987334625,170.50836436212853,42110300
2023-05-17,171.2023468017578,171.44026961578084,168.9518977126324,170.23079334736886,57951600
2023-05-18,173.54200744628906,173.73037308197308,171.0932844370763,171.50966446616422,65496700
2023-05-19,173.65106201171875,174.8704617599002,173.43295602393476,174.8704617599002,55772400
2023-05-22,172.69932556152344,173.20494177332736,171.95578654636702,172.481219573557,43570900
2023-05-23,170.08206176757812,171.88639029719062,169.80447509030535,171.6385439691014,50747300
2023-05-24,170.3596649169922,170.9346702690374,169.05104404436648,169.61612586083143,45143500
2023-05-25,171.499755859375,172.4019050243478,170.21095188854838,170.92475054539574,56058300
2023-05-26,173.918701171875,174.25578364207266,171.6186953371014,171.82689288847826,54835000
2023-05-30,175.77261352539062,177.44805707235744,175.04890650518007,175.4355461600694,55964400
2023-05-31,175.72305297851562,177.80496826079084,175.23726871202743,175.80236562165695,99625300
2023-06-01,178.53857421875,178.56831456742498,175.4057930547119,176.16916396782793,68901800
2023-06-02,179.3911590576172,180.21401063542314,177.7157155545107,179.47047169338217,61945900
2023-06-05,178.03298950195312,183.35672418608127,176.50624753561252,181.05671795588958,121946500
2023-06-06,177.6661376953125,178.56828667644376,175.9014582279706,178.41958495629487,64848400
2023-06-07,176.28814697265625,179.64894264257165,175.79245430672572,176.90280103766142,61944600
2023-06-08,179.01446533203125,179.2821284929526,175.93125619506344,176.367453055308,50214900
2023-06-09,179.40109252929688,180.6601409825454,179.0739335613958,179.93643394119178,48870700
2023-06-12,182.2067108154297,182.30585540353945,179.41101193334958,179.7084305703386,54274900
2023-06-13,181.73085021972656,182.56361030209754,180.86834978636662,181.22524912557424,54929100
2023-06-14,182.36534118652344,182.8015531826157,180.45197462688512,181.79033583961464,57462900
2023-06-15,184.40756225585938,184.91317840758788,182.19677741579343,182.37523462444415,65433200
2023-06-16,183.32696533203125,185.37914013584773,182.68257094685526,185.12137027990616,101235600
2023-06-20,183.4161834716797,184.49680491343358,182.82136138571053,182.82136138571053,49799100
2023-06-21,182.37525939941406,183.8127651610623,181.01705115534045,183.30714894064778,49515700
2023-06-22,185.38905334472656,185.43862563579464,182.0877384404729,182.15714267343606,51245300
2023-06-23,185.07179260253906,185.94421646985703,183.41618103785228,183.95153754819322,53079300
2023-06-26,183.6739501953125,186.42999999051133,183.63428631385352,185.2205087707664,48088700
2023-06-27,186.43991088867188,186.7670698420573,184.07050070567323,184.28860667459685,50730800
2023-06-28,187.6196746826172,188.26406909954764,185.9838949305078,186.31103877905792,51216800
2023-06-29,187.95672607421875,188.43260188630063,187.3123317121149,187.4511250421375,46347300
2023-06-30,192.2990264892578,192.80462759541973,189.6123654098311,189.97918829297507,85069600
2023-07-03,190.80203247070312,192.20979786240994,190.1080506189076,192.11065327577057,31458200
2023-07-05,189.68174743652344,191.3175270975779,188.97785723169864,189.91968534956396,46920300
2023-07-06,190.15762329101562,190.365820872437,187.57010689891024,188.204592923582,45094300
2023-07-07,189.03732299804688,191.01018499526114,188.6011262162648,189.76104508696721,46778000
2023-07-10,186.98521423339844,188.35333102371072,185.42873178327892,187.62960873841527,59922200
2023-07-11,186.4597625732422,187.66925393721883,184.99251645839882,187.53046059023825,46638100
2023-07-12,188.1351776123047,190.04854382758512,186.84637379962285,188.04594144564376,60750200
2023-07-13,188.89854431152344,189.54295381895912,188.1450969456968,188.85889555641208,41342300
2023-07-14,189.04727172851562,189.53304086059518,187.99640569502964,188.59122781892412,41573900
2023-07-17,192.31883239746094,192.64599134916114,190.1576046603519,190.2468257033596,50520200
2023-07-18,192.06106567382812,192.65590289157154,190.76235338000512,191.68434955477355,48353800
2023-07-19,193.41929626464844,196.52232225877913,190.99038994943103,191.43652547824442,80507300
2023-07-20,191.46624755859375,194.777470825343,190.84166997972974,193.40935427253197,59581200
2023-07-21,190.28651428222656,193.29041080540085,189.5826239989074,192.42791035637276,71917800
2023-07-24,191.0895233154297,193.230919269526,190.5938306479448,191.7438412670713,45377800
2023-07-25,191.95201110839844,192.76495429080137,191.25804444496833,191.6645160361698,37283200
2023-07-26,192.82444763183594,193.95462630849192,191.6546201978147,192.0015959886147,47471900
2023-07-27,191.55548095703125,195.50119046422063,190.89125457942112,194.33136299756583,47460200
2023-07-28,194.1429901123047,194.9361013981904,192.46754649179775,192.99297950413737,48291400
2023-07-31,194.7576446533203,194.7973085377491,193.57789369266726,194.37100498050742,38824100
2023-08-01,193.92486572265625,195.0352123410956,193.59770678100793,194.54944325919743,35175100
2023-08-02,190.92098999023438,193.4985827896997,190.1972829299724,193.3597894476311,50389300
2023-08-03,189.52313232421875,190.71279169853844,189.04727159995883,189.91969553388512,61235200
2023-08-04,180.42222595214844,185.76579240309633,180.35282171627148,183.92181504025928,115799700
2023-08-07,177.30926513671875,181.55239296699656,175.8221872019764,180.5610076771683,97576100
2023-08-08,178.25106811523438,178.71702038544473,176.05019168536276,178.1420151343907,67823000
2023-08-09,176.65493774414062,179.37132361114365,175.48509529864398,179.31184291731705,60378500
2023-08-10,176.4368438720703,179.1928938087059,176.07003615011226,177.93383023619305,54686900
2023-08-11,176.49639892578125,177.32036168980022,175.26543082107975,176.02983256684112,51988100
2023-08-14,178.15426635742188,178.38258864969947,176.01990054114177,176.6751020557822,43675600
2023-08-15,176.1588897705078,178.17411849604412,175.7618061867858,177.5784931204611,43622600
2023-08-16,175.28529357910156,177.24094603057796,175.2157956243564,175.84121662599503,46964900
2023-08-17,172.73399353027344,176.218449670705,172.21777275650916,175.85114660071363,66062900
2023-08-18,173.2204132080078,173.8259754434126,170.7088227434025,171.04634526208298,61114200
2023-08-21,174.56057739257812,174.84847582356457,172.47586616641206,173.7961908502,46311900
2023-08-22,175.94049072265625,176.38721354501158,174.96762533098521,175.77172944077836,42084200
2023-08-23,179.8021697998047,180.22904900558675,177.03247644679308,177.2210964343875,52722800
2023-08-24,175.0966796875,179.78233860000068,174.72936147404116,179.355459364837,54945800
2023-08-25,177.31044006347656,177.84650437604776,174.54074667761984,176.08939374478845,51449600
2023-08-28,178.87893676757812,179.27602030133252,177.25087004275977,178.7796583102566,43820700
2023-08-29,182.78036499023438,183.55468861261488,178.19398428109324,178.3925260808221,53003900
2023-08-30,186.28468322753906,186.48324017846022,183.39586742396716,183.59440922711968,60813900
2023-08-31,186.50308227539062,187.74398746995786,186.11592046059639,186.4733017625425,60794500
2023-09-01,188.08151245117188,188.53815704908098,186.91009015003394,188.11129296200212,45732600
2023-09-05,188.31973266601562,188.59769416370813,186.2449432197517,186.91006645692772,45280000
2023-09-06,181.57916259765625,187.47594597496703,180.14963751857883,187.02920802693,81755800
2023-09-07,176.2681121826172,176.91339202197773,172.27735652922792,173.90542366354165,112488800
2023-09-08,176.88356018066406,178.92858440411607,176.4963984153427,177.05233659559462,65551300
2023-09-11,178.05499267578125,178.98815574028976,176.04968578063105,178.75983344187836,58953100
2023-09-12,175.0172576904297,178.81939272059032,173.5480302988034,178.18404991763566,90370200
2023-09-13,172.94244384765625,176.0099571796133,172.71410643559972,175.2256967861003,84267900
2023-09-14,174.4613494873047,174.81873079113439,172.31706166432645,172.73400399416633,60895800
2023-09-15,173.73663330078125,175.2157976120051,172.55530438661506,175.1959388893145,109205100
2023-09-18,176.6750946044922,178.0748391046168,174.88818834345716,175.1959303652364,67257600
2023-09-19,177.76710510253906,178.32302815377042,175.84121799808253,176.22837977645918,51826900
2023-09-20,174.21315002441406,178.3925098170354,174.1237933470795,177.95570880879336,58436200
2023-09-21,172.6645050048828,175.01727155266988,172.59502219087378,173.28000428145347,63047900
2023-09-22,173.5182342529297,175.79158086544706,172.7836281326413,173.39911221131908,56725400
2023-09-25,174.79884338378906,175.6823671360894,172.88287819083024,172.93251742028295,46172700
2023-09-26,170.70883178710938,173.92524796713502,170.41101154694528,173.54802313417602,64588900
2023-09-27,169.18994140625,171.78095161168793,167.81999260813018,171.36400935593267,66921800
2023-09-28,169.44808959960938,170.77833634094375,166.4004191519846,168.1079059220852,56294400
2023-09-29,169.9642791748047,171.81074638236362,169.10059901226265,170.7683831744606,51814200
2023-10-02,172.48580932617188,173.03181060107437,169.6863201427267,169.97421860938772,52164500
2023-10-03,171.1456298828125,172.366691440067,169.57713912474932,171.0066491138284,49594600
2023-10-04,172.39646911621094,172.94247039530038,169.7260388902924,169.8451609338146,53020300
2023-10-05,173.63735961914062,174.17342391765436,171.42357417816774,172.5254984313363,48527900
2023-10-06,176.19862365722656,176.69498575707453,171.91996963241104,172.53546893670554,57224100
2023-10-09,177.68768310546875,177.74724412480685,174.52089096334598,175.52353680032698,42390800
2023-10-10,177.092041015625,178.41236580749592,176.6552400140717,176.80415770883764,43698000
2023-10-11,178.49179077148438,178.54143000452555,176.30780084757703,176.90342620076967,47551100
2023-10-12,179.3951873779297,181.01331743803624,177.73732472140046,178.759844529376,56743100
2023-10-13,177.54869079589844,180.60626734000098,176.84385010145385,180.09998356079097,51427100
2023-10-16,177.41964721679688,177.7770284883398,175.22572035442593,175.46397958471027,52517000
2023-10-17,175.86106872558594,177.12183257732815,173.5281761730158,175.36470667426025,57549400
2023-10-18,174.56057739257812,176.2879225352004,173.83589314356078,174.30247461631913,54764400
2023-10-19,174.18338012695312,176.54605322348112,173.91534037415258,174.75914678442408,59302900
2023-10-20,171.6221466064453,174.14365914589465,171.38388737014972,174.03445888939677,64189300
2023-10-23,171.74127197265625,172.7439178760632,168.69360166729962,169.66648220683237,55980100
2023-10-24,172.1780548095703,172.40637709061713,170.2025285754243,171.79089305137515,43816600
2023-10-25,169.85511779785156,171.8008487599163,169.4083797866938,170.62944146713008,57157000
2023-10-26,165.67572021484375,170.13305676328346,164.4645956319317,169.1303957533013,70625300
2023-10-27,166.9960479736328,167.73066925493364,165.6161620916175,165.69558183671225,58499100
2023-10-30,169.05096435546875,169.92456632823416,167.6412980843576,167.79021577395145,51131000
2023-10-31,169.52749633789062,169.6565401685357,166.67836791176023,168.11782995408234,44846000
2023-11-01,172.70419311523438,172.96229589848681,168.88219970872248,169.75580166398598,56934900
2023-11-02,176.2780303955078,176.4864939793014,174.18338188289627,174.2429429068373,77334800
2023-11-03,175.3647003173828,175.53347673875106,172.08872301559984,172.97224682902157,79763700
2023-11-06,177.92593383789062,178.1244756256995,174.92791800211177,175.09667927913767,63841300
2023-11-07,180.49708557128906,181.11256960611928,177.66781610245852,177.87627966042598,70530000
2023-11-08,181.55929565429688,182.1152186825965,180.26875139702054,181.02323134779837,49340300
2023-11-09,181.0828094482422,182.78035920210118,180.4871689201494,181.62881074103257,53763500
2023-11-10,185.28756713867188,185.45656593393633,182.43470002292048,182.87207654959846,66133400
2023-11-13,183.69711303710938,184.91976812620925,183.11063780884533,184.7110299042217,43627500
2023-11-14,186.32135009765625,186.987349680322,185.18815428767326,186.579792942837,60108400
2023-11-15,186.887939453125,188.36905250310778,186.65931635404164,186.72890587030213,53790500
2023-11-16,188.57781982421875,189.82035984023278,187.52413314974999,188.43865594913416,54412900
2023-11-17,188.5579071044922,189.24379151892643,187.44459626814825,189.11456252266416,50922700
2023-11-20,190.3074188232422,190.7646802061248,188.74679650771577,188.75673136709773,46505100
2023-11-21,189.5022430419922,190.37699597796984,188.60762038854105,190.26765186097265,38134500
2023-11-22,190.1682586669922,191.77858564632436,189.69112755602794,190.3471923134316,39617700
2023-11-24,188.83624267578125,189.76068506922263,188.1205384889839,189.73086532541635,24048300
2023-11-27,188.65731811523438,189.53207108953595,187.77263028176083,188.78654712309,40552600
2023-11-28,189.263671875,189.9396214691522,188.26963995303524,188.64737693705334,38415400
2023-11-29,188.23980712890625,190.9435749821963,187.84220045483752,189.76067465041663,43014200
2023-11-30,188.81634521484375,189.18414731016307,187.06685463459638,188.70700110559565,48794400
2023-12-01,190.0986785888672,190.41676093068807,188.1006646303825,189.19410585978827,45679300
2023-12-04,188.29946899414062,188.91577913023963,186.33128993843854,188.84618961175903,43389500
2023-12-05,192.26565551757812,193.23980256929687,189.0449865799245,189.07482149235318,66628400
2023-12-06,191.1722412109375,193.59766654612127,190.9634878174767,193.2895190534562,41089700
2023-12-07,193.11058044433594,193.8362194805571,192.43463086867496,192.4744006383907,47477700
2023-12-08,194.5419921875,194.8203199094653,192.5141585929263,193.04099429291227,53377300
2023-12-11,192.027099609375,192.33526227849603,190.2776087030193,191.95752525473316,60943700
2023-12-12,193.5479736328125,193.5579084922386,190.5758125501861,191.92769665062553,52696900
2023-12-13,196.778564453125,196.8183190559037,193.68712459255818,193.925682544677,70404200
2023-12-14,196.9276580810547,198.42864077264184,194.98929893159502,196.83819885132337,66831600
2023-12-15,196.39089965820312,197.2159328291742,195.82429416614897,196.3511298862745,128256700
2023-12-18,194.7209014892578,195.45649052996882,193.2298536912898,194.9197048287757,55751900
2023-12-19,195.7646484375,195.77458329630363,194.72091188963017,194.98930475456203,40714100
2023-12-20,193.66725158691406,196.50023361616374,193.66725158691406,195.72488988877126,52242800
2023-12-21,193.5181121826172,195.90379770975298,192.34516188676014,194.9296507492267,46482500
2023-12-22,192.44459533691406,194.24379077463595,191.8183503425399,194.01515250091973,37122800
2023-12-26,191.8978729248047,192.73285613100865,191.67918468017166,192.45452839560733,28919300
2023-12-27,191.99725341796875,192.3451706464339,189.94955015213438,191.34120389827206,48087700
2023-12-28,192.42469787597656,193.49825415286705,192.01714115491455,192.98135331561093,34049900
2023-12-29,191.38096618652344,193.23980104114617,190.58573760932344,192.7427850763616,42628800
2024-01-02,184.53207397460938,187.3153662175252,182.79251821875232,186.03305662356883,82488700
2024-01-03,183.150390625,184.77066759112085,182.3352771284137,183.1205708792931,58414500
2024-01-04,180.82435607910156,181.99730650228184,179.80050438167336,181.06291404030495,71983600
2024-01-05,180.0987091064453,181.66928147459845,179.09474225448028,180.90388776119542,62303300
2024-01-08,184.4525604248047,184.49233019548157,180.41679326133186,181.0032684531674,59144500
2024-01-09,184.03506469726562,184.04499955584959,181.63944418662982,182.82234457021028,42841800
2024-01-10,185.07879638671875,185.28753458558947,182.8223397938252,183.2497813853363,46792900
2024-01-11,184.48239135742188,185.93368472067908,182.52414714521402,185.42671870400414,49128400
2024-01-12,184.81040954589844,185.6255229866903,184.08477050382692,184.9495734055796,40444700
2024-01-16,182.5341033935547,183.16033324766676,179.8502048243823,181.07287512108522,65603000
2024-01-17,181.58973693847656,181.83824490899738,179.22395137316974,180.18816351220838,47317400
2024-01-18,187.50424194335938,188.01119275141858,184.72094959289208,184.979392426226,78005800
2024-01-19,190.41676330566406,190.8044351704297,187.693125392904,188.20007624137466,68741000
2024-01-22,192.7328338623047,194.16424214625192,191.1125571009308,191.15232686866392,60133900
2024-01-23,194.01516723632812,194.58177278240956,192.67323307639495,193.85613363662088,42355600
2024-01-24,193.33920288085938,195.20798769039715,193.18015413797895,194.25371040083746,53631300
2024-01-25,193.01116943359375,195.0986424607324,191.95749806154728,194.0549059471631,54822100
2024-01-26,191.27162170410156,193.59765277461963,190.79449062577763,193.11058683739938,44594000
2024-01-29,190.58575439453125,191.05295065599338,188.44859162482356,190.8640821459055,47145600
2024-01-30,186.9177703857422,190.6553404086777,186.35118003362723,189.80047228297695,55859400
2024-01-31,183.2994842529297,185.98338263365994,183.24979478995033,185.92372797618197,55467800
2024-02-01,185.7448272705078,185.83428651369454,182.7229765480854,182.8919601744576,64885400
2024-02-02,184.74082946777344,186.21199239128737,178.1802130458578,178.78657309445222,102518000
2024-02-05,186.55992126464844,188.12055880845503,184.73090599759692,187.02711752504118,69668800
2024-02-06,188.17025756835938,188.18019242781668,185.6553578627436,185.74481710103248,43490800
2024-02-07,188.2795867919922,189.9097985097057,187.48435823433906,189.5022417883465,53439000
2024-02-08,187.1961212158203,188.4088263513659,186.23190892276523,188.25972761232654,40962000
2024-02-09,187.96246337890625,189.09710508715864,187.11645206865865,187.76339117385248,45155200
2024-02-12,186.2704620361328,187.78332288230948,185.91215328801408,187.53449778464588,41781900
2024-02-13,184.17034912109375,185.334863762688,182.64754097387214,184.89692922859723,56529500
2024-02-14,183.28456115722656,184.65808055839094,181.5826059912504,184.44907598078342,54630500
2024-02-15,182.9959259033203,183.62296999377594,180.4977274519665,182.68738521978767,65434500
2024-02-16,181.45321655273438,183.98128811611298,180.81622489348007,182.55800062284032,49701400
2024-02-20,180.70672607421875,181.5726325042779,179.15405998428736,180.93564089848354,53665600
2024-02-21,181.46316528320312,182.03047857973698,179.8109630738625,181.08494629412857,41529700
2024-02-22,183.50352478027344,184.09076354210745,181.60251261136847,182.6177080564135,52292200
2024-02-23,181.6622314453125,184.1703774935557,181.37358582743232,184.14051969682032,45119700
2024-02-26,180.30862426757812,181.90109579673225,179.80101134340092,181.38355052297356,40867400
2024-02-27,181.77171325683594,183.05564406470424,178.71613380047907,180.24890489042258,54318900
2024-02-28,180.5673828125,182.25939032452453,179.28345207788615,181.6522565198894,48953900
2024-02-29,179.90054321289062,181.71199718953457,178.6862755375109,180.41810366151438,136682600
2024-03-01,178.81565856933594,179.68156498512658,176.54637506189474,178.70617492699984,73488000
2024-03-04,174.27711486816406,176.06864352848322,172.97325852152966,175.32216819099037,81510100
2024-03-05,169.3204803466797,171.23145507958293,168.82283020205665,169.9574719243141,95132400
2024-03-06,168.3251953125,170.43524244414468,167.88726071561,170.25608047856306,68587700
2024-03-07,168.20574951171875,169.92761476617306,167.6981518296525,168.35503848083317,71765100
2024-03-08,169.9276123046875,172.88365534695112,168.1460314883945,168.20574707517525,76114600
2024-03-11,171.93814086914062,173.56048535052068,171.2414336396481,172.12725037151972,60139500
2024-03-12,172.41587829589844,173.21212162678884,170.20631026653984,172.33625244410158,59825400
2024-03-13,170.3257598876953,172.37607625258147,169.95748841772314,171.9580519129805,52488700
2024-03-14,172.1869659423828,173.49080701178275,171.2414336176872,172.0973925529764,72913500
2024-03-15,171.80873107910156,171.80873107910156,169.4896795825833,170.36554869703198,121664700
2024-03-18,172.90357971191406,176.87483361469177,172.70452267737835,174.7448914522954,75604200
2024-03-19,175.2524871826172,175.77999515234478,172.2168180823409,173.52065910891577,55215200
2024-03-20,177.830322265625,177.830322265625,174.26714497871419,174.89418909629194,53423100
2024-03-21,170.5646209716797,176.65586961417029,170.03711298613993,176.2179350177799,106181300
2024-03-22,171.4703369140625,172.23672240837217,169.26076900158964,170.95277649830084,71106600
2024-03-25,170.0470733642578,171.13194711675717,168.65364374159117,169.76839047714014,54288300
2024-03-26,168.91241455078125,170.61436949811346,168.78302065654685,169.20104494513856,57388400
2024-03-27,172.49549865722656,172.78414425918754,169.31054062211945,169.609133760084,60273300
2024-03-28,170.67410278320312,171.4205780589011,169.70866021166748,170.94283813483634,65672700
2024-04-01,169.2309112548828,170.4451788535061,168.68349304450714,170.38546326457012,46240500
2024-04-02,168.04649353027344,168.54414366405445,167.43935975957754,168.28537106183597,49329500
2024-04-03,168.8527069091797,169.87786510696628,167.78774337767854,167.9967479570679,47691700
2024-04-04,168.026611328125,171.11203328162168,168.026611328125,169.48968886138192,53704400
2024-04-05,168.7830352783203,169.5892261323792,168.15599119757314,168.79298281447828,42055200
2024-04-08,167.65835571289062,168.40483104125352,167.4493511257135,168.23563178927415,37425500
2024-04-09,168.8726043701172,169.2806811483862,167.55881583801002,167.90716183961618,42451200
2024-04-10,166.99148559570312,168.29532657810816,166.3246362072623,168.0066961691415,49709300
2024-04-11,174.2173614501953,174.63540094951088,167.36970557110288,167.54885233902874,91070300
2024-04-12,175.72027587890625,177.52176704196785,173.39127675717174,173.44102962389059,101593300
2024-04-15,171.87841796875,175.7999037342719,171.68930847441092,174.53586805138283,73531800
2024-04-16,168.583984375,172.94338974194338,167.47920033817573,170.94284143183614,73711200
2024-04-17,167.21046447753906,169.84800441976404,167.21046447753906,168.81289870293196,50901200
2024-04-18,166.2549591064453,167.8474456964944,165.7672716683895,167.24031189258443,43122900
2024-04-19,164.22454833984375,165.6179626751691,163.30887389276177,165.42886837664992,67772100
2024-04-22,165.06060791015625,166.47393259764522,163.9956444231876,164.74211969252124,48116400
2024-04-23,166.11561584472656,166.26492000363532,164.14492548116624,164.57291251221173,49537800
2024-04-24,168.22567749023438,168.50436038665487,165.4288858023208,165.75732156896873,48251800
2024-04-25,169.09156799316406,169.80818542681567,167.35973999732644,168.73325927633826,50558300
2024-04-26,168.5043487548828,170.53475474394267,168.38490238817732,169.081624768213,44838400
2024-04-29,172.6846160888672,175.20272483761752,172.28650201133235,172.555222179483,68169400
2024-04-30,169.52952575683594,174.16762945183916,169.20107478920735,172.5154270766455,65934800
2024-05-01,168.5043487548828,171.89832652202932,168.31523926242042,168.78303163206596,50383100
2024-05-02,172.21681213378906,172.60497864880503,170.08687006909776,171.69925171807526,94214900
2024-05-03,182.5181884765625,186.12117099096088,181.80157098826203,185.77280978325868,163224100
2024-05-06,180.8560333251953,183.3343214775735,179.5720873686165,181.4930249418685,78569700
2024-05-07,181.5427703857422,184.0310211595987,180.46785941606433,182.58783874817743,77305800
2024-05-08,181.88119506835938,182.20964601288568,180.59724908638574,181.9906787165348,45057100
2024-05-09,183.7025909423828,183.79216432803474,181.25414542501753,181.70202754035518,48983000
2024-05-10,182.43685913085938,184.47001925959685,181.51994258592455,184.280653249985,50759500
2024-05-13,185.65602111816406,186.47328168344126,184.00157793065927,184.81883849593646,72044800
2024-05-14,186.80215454101562,187.66925062518712,185.66597383097238,186.88188838827716,52393600
2024-05-15,189.0845184326172,190.01139602124525,186.7423838683229,187.28058361009533,70400000
2024-05-16,189.2041015625,190.45989075478766,189.02471179656044,189.83199615864385,52845200
2024-05-17,189.23399353027344,190.17084727488813,188.54630236847427,188.87519880271202,41282900
2024-05-20,190.40008544921875,191.27714266640717,188.37688635675946,188.69582178398366,44361300
2024-05-21,191.70570373535156,192.08442053272114,190.28048580582154,190.44991454290118,42309400
2024-05-22,190.2605438232422,192.17412585880137,189.63266445026173,191.625965130265,34648500
2024-05-23,186.25401306152344,190.36020743395642,186.0048504863481,190.34027016979292,51005900
2024-05-24,189.3436279296875,189.94162421863646,187.41012383078694,188.1875250894915,36294600
2024-05-28,189.3535919189453,192.35350378297326,188.46657377923762,190.86848939299406,52280100
2024-05-29,189.652587890625,191.6060292626522,188.8752018363686,188.97487295416659,53068000
2024-05-30,190.6492462158203,191.53626445370173,189.99146851693155,190.12102272627732,49947900
2024-05-31,191.6060333251953,191.92496874276912,189.27387511297837,190.79874896001851,75158300
2024-06-03,193.38006591796875,194.33685694398167,191.8751293663799,192.25384615761888,50080500
2024-06-04,193.69900512695312,194.66575720064256,192.38341934135104,193.98802704232938,47471400
2024-06-05,195.21389770507812,196.24044634116564,194.2172473626493,194.74547082752238,54156800
2024-06-06,193.82855224609375,195.84179017422778,193.5195930765027,195.03450583879902,41181800
2024-06-07,196.23048400878906,196.28031956711487,193.48969558531903,193.99798178181695,53103900
2024-06-10,192.47311401367188,196.63912045583442,191.5063619410421,196.24045118441725,97262100
2024-06-11,206.45611572265625,206.46609195915696,192.9814138224934,193.00133588013964,172373300
2024-06-12,212.35629272460938,219.46239922329934,206.20694681699416,206.67537368785207,198134300
2024-06-13,213.5223846435547,216.02397164318222,210.89122822700367,214.0207098376566,97862700
2024-06-14,211.7782440185547,214.44925972841028,210.59222763705992,213.13368913916617,70122700
2024-06-17,215.94422912597656,218.21659070332575,212.0074632920053,212.65527993528355,93728300
2024-06-18,213.5721893310547,217.89766325641614,212.28651711595563,216.86113841241473,79943300
2024-06-20,208.97764587402344,213.5223844137921,208.15043943546107,213.21341001933183,86172500
2024-06-21,206.79498291015625,211.18023828891836,206.41625091745033,209.6852627905662,246421400
2024-06-24,207.44281005859375,211.9875333707341,205.89799892378585,207.02421872275744,80727000
2024-06-25,208.3697052001953,210.67196517740436,207.91123932751768,208.44942384896885,56713900
2024-06-26,212.5356903076172,214.1402980033581,209.9344322470105,210.79155216910215,66213200
2024-06-27,213.38284301757812,215.01734896028734,211.6387049296034,213.97086306596705,49772700
2024-06-28,209.9144744873047,215.34623061165473,209.5955543096767,215.0472324898511,82542700
2024-07-01,216.02395629882812,216.78140506529675,211.2101334408119,211.37956216985054,60402900
2024-07-02,219.5321807861328,219.64181293490427,214.3795002092306,215.42597092933886,58046200
2024-07-03,220.80789184570312,220.80789184570312,218.29632866276663,219.26308073535034,37369800
2024-07-05,225.5818328857422,225.69146503075916,220.90754038733803,220.90754038733803,60412400
2024-07-08,227.056884765625,227.08678305881674,222.50218547217585,226.32931907748747,59085900
2024-07-09,227.9139862060547,228.631575647805,225.6117264169712,227.1664984715379,48076100
2024-07-10,232.1995849609375,232.2992560750062,228.48208356286247,228.53191911989683,62627700
2024-07-11,226.80772399902344,231.61157070495582,225.01375035477759,230.61492037011672,64710600
2024-07-12,229.76776123046875,231.86073301422448,227.91399100155513,228.1531925563972,53046500
2024-07-15,233.61483764648438,236.43535998230433,232.3092281117703,235.68787221439834,62631300
2024-07-16,234.03343200683594,235.47857190808813,231.55176727169922,234.2128217621178,43234300
2024-07-17,228.1133270263672,230.68468664215072,225.88082486496336,228.68140979310064,57345900
2024-07-18,223.42906188964844,229.66810263837593,221.52547133243425,229.50863493701104,66034600
2024-07-19,223.55862426757812,226.04028896611686,222.5320756847993,224.06692564873424,49151500
2024-07-22,223.20980834960938,227.01700459563804,222.34271224556252,226.24957960487185,48201800
2024-07-23,224.2563018798828,226.17984506717187,221.9341046141529,223.61844622977043,39960300
2024-07-24,217.80795288085938,224.04699357799979,216.40268749627205,223.24967028544495,61777600
2024-07-25,216.76148986816406,220.11023564894725,213.9010930254534,218.19665359620475,51391200
2024-07-26,217.22991943359375,218.7547932697213,215.28643906297688,217.96743096801922,41601300
2024-07-29,217.50897216796875,218.5654190781,215.0273073866339,216.23326096996,36311800
2024-07-30,218.06710815429688,219.5919820328496,215.39607720378967,218.45580119769897,41643800
2024-07-31,221.3361053466797,223.07028238181744,219.89096542123676,220.6982497488722,50036300
2024-08-01,217.62855529785156,223.72805013234773,216.29304757526307,223.618417993468,62501000
2024-08-02,219.12353515625,224.84431334230803,216.98074309833058,218.41590675319648,105568600
2024-08-05,208.5690155029297,212.7848420736874,195.34346157584417,198.42310739676375,119548600
2024-08-06,206.5358428955078,209.28660752946874,200.39648844230862,204.61231506511243,69660500
2024-08-07,209.1171875,212.9243839975228,205.69866882998738,206.2069550428707,63516400
2024-08-08,212.59548950195312,213.48250772924823,208.13050007077933,212.39616246807245,47161100
2024-08-09,215.51568603515625,216.05387055494424,211.259984607228,211.38955402452135,42201600
2024-08-12,217.0522918701172,219.02793942662467,215.12653755613,215.59550663031672,38028100
2024-08-13,220.78408813476562,221.4027217224782,218.52904142421028,218.52904142421028,44155300
2024-08-14,221.23309326171875,222.54021400164925,219.21752501736546,220.08562480803565,41960600
2024-08-15,224.22650146484375,224.8551228159093,222.27079905335071,224.10676986474735,46414000
2024-08-16,225.5535888671875,226.33187474025672,223.15885022096822,223.42826155403992,44340200
2024-08-19,225.3939208984375,225.49370737790127,222.55017371179113,225.22429606357244,40687800
2024-08-20,226.0125732421875,226.6711275207631,224.95490346311303,225.27420804373648,30299000
2024-08-21,225.90281677246094,227.47934890039068,224.55579052395228,226.0225636042008,34765500
2024-08-22,224.0369110107422,227.8385414771675,223.4082896744648,227.28974628083643,43695300
2024-08-23,226.3418426513672,227.7188169640382,223.83736023691762,225.16444130741013,38677300
2024-08-26,226.68109130859375,226.7808777924977,223.39832305195915,226.2620154817008,30602200
2024-08-27,227.52923583984375,228.34744239539063,224.39613201364162,225.50369501854036,35934600
2024-08-28,225.99261474609375,229.35520907583674,225.18438078371824,227.4194670399241,38052200
2024-08-29,229.28536987304688,232.4085012026452,228.37737982242845,229.59470189609323,51906300
2024-08-30,228.49710083007812,229.89402024722435,226.98043458769098,229.6844899472923,52990800
2024-09-03,222.28079223632812,228.4971066385697,220.68429981162342,228.04809790202157,50190600
2024-09-04,220.36500549316406,221.29295584608857,217.0023958735564,221.17322424578342,43840200
2024-09-05,221.8916473388672,224.98483044961614,221.03353533260162,221.14329437614535,36615400
2024-09-06,220.33506774902344,224.74535922490057,219.2873705935476,223.45818364879955,48423000
2024-09-09,220.4248809814453,220.7840910234286,216.23410730849415,220.3350822772696,67180000
2024-09-10,219.62661743164062,220.9936039050013,216.25403537150672,218.43922835246784,51591000
2024-09-11,222.17103576660156,222.6000841658612,217.41150656335964,220.97367404683663,44587100
2024-09-12,222.28079223632812,223.0590781064196,219.33727360197898,222.01138090428717,37498200
2024-09-13,222.01136779785156,223.54797910505988,221.42266715079168,223.08899783711732,36766600
2024-09-16,215.84495544433594,216.74297289953918,213.4502168549942,216.0644583037111,59357400
2024-09-17,216.31390380859375,216.42366284814068,214.02893954474482,215.27619443719672,45519300
2024-09-18,220.20535278320312,222.22092099435915,217.06226125375574,217.07224903728172,59894900
2024-09-19,228.3673858642578,229.31531179988679,224.1367068474718,224.49591687958383,66781300
2024-09-20,227.6988525390625,232.57811312113958,227.12012443578536,229.46496974860833,318679900
2024-09-23,225.97265625,228.94610768522742,225.31410200503296,226.8407407931877,54146000
2024-09-24,226.8706817626953,228.8463445678705,225.2342838755063,228.14786961487798,43556100
2024-09-25,225.8728790283203,226.79085685048213,223.52804884217394,224.43603888049125,42308700
2024-09-26,227.02035522460938,227.99819881641105,224.9149883158055,226.80083714120576,36636700
2024-09-27,227.2897491455078,229.01596089620384,226.80083496693393,227.9582911728241,34026000
2024-09-30,232.48831176757812,232.48831176757812,229.1456625683617,229.5348054854851,54541900
2024-10-01,225.71322631835938,229.14565893600417,223.24864947388588,229.0159547825387,63285000
2024-10-02,226.28196716308594,226.8706678098605,222.53022998119604,225.3939223013361,32880600
2024-10-03,225.17440795898438,226.3119038145279,222.82957789090332,224.64557310138042,34044200
2024-10-04,226.30194091796875,227.49930262356304,223.63780617480538,227.39951613756347,37245100
2024-10-07,221.2031707763672,225.19438676879486,220.84396072803747,224.0069975750027,39505400
2024-10-08,225.27420043945312,225.4837307412941,222.75973024040246,223.80742742544692,31855700
2024-10-09,229.03591918945312,229.24546472466872,224.33627096325682,224.73538646570117,33591100
2024-10-10,228.53700256347656,228.99599906464633,226.67111410985407,227.279775108536,28183500
2024-10-11,227.05029296875,228.9062089337624,226.84074743911052,228.79644988971887,31759200
2024-10-14,230.79205322265625,231.22110160659443,228.09798564307096,228.19775690140833,39882100
2024-10-15,233.33645629882812,236.9684620133565,231.85969551276995,233.0969778733182,64751400
2024-10-16,231.27099609375,231.61024577942743,229.33525401328018,231.09139869260778,34082200
2024-10-17,231.6401824951172,233.3364614020046,230.0137723986246,232.9173703418766,32993800
2024-10-18,234.4839324951172,235.66133386929857,233.4961010856326,235.66133386929857,46431500
2024-10-21,235.96067810058594,236.32987592195377,233.9351372634737,233.9351372634737,36254500
2024-10-22,235.342041015625,235.70125104779564,232.08920560922664,233.376366009758,38846600
2024-10-23,230.25323486328125,234.62362105235994,227.25982300232985,233.56595129753524,52287000
2024-10-24,230.06365966796875,230.31311065070702,227.90839952304313,229.4749437774939,31109500
2024-10-25,230.9018096923828,232.7078323586645,229.0658541264054,229.23547896644118,38802300
2024-10-28,232.88743591308594,234.21451699403664,232.03931169048735,232.80762499530724,36087100
2024-10-29,233.15684509277344,233.815399347975,231.8098189074392,232.58810476348472,35417200
2024-10-30,229.59469604492188,232.95729049985403,229.04590082483264,232.09917848988178,47070900
2024-10-31,225.4138946533203,229.325284321648,224.8750719925984,228.83635490362704,64370100
2024-11-01,222.4204864501953,224.8551305713263,219.78628458026085,220.48474431371312,65276700
2024-11-04,221.52244567871094,222.3007315284092,219.2275088130919,220.5046966292777,44944500
2024-11-05,222.95928955078125,223.45819152571042,220.65436486265338,221.31291912362707,28111300
2024-11-06,222.23089599609375,225.5735453041769,220.7042571772517,222.12113695305962,54561100
2024-11-07,226.98043823242188,227.37956894750107,224.0768403097807,224.13670611072257,42137700
2024-11-08,226.7107391357422,228.4088689967903,226.16134014604208,226.92049995960826,38328800
2024-11-11,223.98373413085938,225.45212091614073,221.25673663335022,224.7528927426808,42005600
2024-11-12,223.98373413085938,225.34224111445195,223.11469448970428,224.30339000560164,40398300
2024-11-13,224.8727569580078,226.4010754152989,222.5153482196322,223.76397540644066,48566200
2024-11-14,227.9693603515625,228.61864039722624,224.7528954725484,224.77287777547028,44923900
2024-11-15,224.7528839111328,226.67077335813082,224.023689933323,226.15134020310103,47923700
2024-11-18,227.7695770263672,229.4876892234719,224.92270099550518,225.00261496304853,44686000
2024-11-19,228.02928161621094,229.90722171238716,226.41106572007726,226.73070634208972,36211800
2024-11-20,228.7484893798828,229.67746064503265,225.64190448211673,227.80951934283004,35169600
2024-11-21,228.26902770996094,229.90722593821596,225.46211628612434,228.6286329426038,42108300
2024-11-22,229.61753845214844,230.46661102927646,227.80952873867182,227.80952873867182,38168300
2024-11-25,232.61424255371094,232.99383009111634,229.48769048234254,231.2058026888721,90152800
2024-11-26,234.8018341064453,235.31128373473052,233.07373841155265,233.07373841155265,45986200
2024-11-27,234.67198181152344,235.43115689965902,233.55321672420507,234.21249554010248,33498400
2024-11-29,237.06935119628906,237.5488197625333,233.71304074851764,234.55211454995276,28481400
2024-12-02,239.3268585205078,240.52553753151284,236.89953466637493,237.00941446483552,48137100
2024-12-03,242.3834991455078,242.49337894569658,238.6376176509325,239.54662188503684,38861000
2024-12-04,242.74310302734375,243.84190102311462,240.9850414761411,242.60325739533934,44383900
2024-12-05,242.7730712890625,244.2714238935446,241.86408229295347,243.72204013219255,40033900
2024-12-06,242.5732879638672,244.3613305629988,241.8141281502541,242.6432183998472,36870600
2024-12-09,246.47900390625,246.96847124510987,241.48449521514058,241.56440918324205,44649200
2024-12-10,247.4978790283203,247.93739821602466,245.0705399660552,246.61884065291167,36914800
2024-12-11,246.2192840576172,250.52454792031958,245.98952569372008,247.68767076725757,45205800
2024-12-12,247.68768310546875,248.46682524629017,245.41017310687806,246.61885092340057,32777500
2024-12-13,247.85748291015625,249.01619729452798,245.96955931284188,247.54782582286595,33155300
2024-12-16,250.7642822265625,251.10392039685559,247.3780059899919,247.71764416028498,51694800
2024-12-17,253.20159912109375,253.5512208135588,249.50566587259755,249.80533943156328,51356400
2024-12-18,247.77757263183594,254.0007260278641,247.46791553993853,251.88305927654196,56774100
2024-12-19,249.51565551757812,251.72323503929724,246.81862390484895,247.22817727073837,60882300
2024-12-20,254.21051025390625,254.71994465608725,245.42017186050566,247.76758181309805,147495300
2024-12-23,254.98965454101562,255.36922684225433,253.17164603591402,254.49020366493687,40858800
2024-12-24,257.91644287109375,257.92641115938613,255.0096198916901,255.2094124344067,23234700
2024-12-26,258.7355041503906,259.81433504408284,257.34704665632455,257.90642916266114,27237100
2024-12-27,255.30929565429688,258.41589596104086,252.78207543596488,257.54682582842287,42355300
2024-12-30,251.9230194091797,253.22159473829512,250.47461491371794,251.95298524244893,35557500
2024-12-31,250.1449737548828,253.00183336212825,249.15605553782555,252.16275955239965,39480700
2025-01-02,243.5821990966797,248.826433311358,241.55442975303322,248.65660659999048,55740700
2025-01-03,243.0927276611328,243.91181916074598,241.624340886356,243.0927276611328,40244100
2025-01-06,244.73092651367188,247.05836939894766,242.93290033169586,244.04168187374515,45045600
2025-01-07,241.94400024414062,245.28032844029428,241.08494412707995,242.71314361950866,40856000
2025-01-08,242.43344116210938,243.44234164075266,239.78635773622742,241.65429905026372,37628900
2025-01-10,236.58987426757812,239.8962364632009,232.74409661721964,239.7463920626497,61710900
2025-01-13,234.14256286621094,234.41227060505477,229.46771001708314,233.27352322575203,49630700
2025-01-14,233.02378845214844,235.8606656353981,232.21468051006943,234.49217517741417,39435300
2025-01-15,237.60874938964844,238.6975638581554,234.17252500331003,234.38230107288462,39832000
2025-01-16,228.00930786132812,237.74859991927732,227.7795647267042,237.089336348529,71759100
2025-01-17,229.7274169921875,232.03487756376998,228.22906438809179,231.86506609768284,68488300
2025-01-21,222.39547729492188,224.17352112887505,219.13906319002535,223.75398423747347,98070400
2025-01-22,223.58416748046875,223.87384226456615,219.54859611049605,219.54859611049605,64126500
2025-01-23,223.41436767578125,226.78066167492807,222.05586069453574,224.493183388126,60234800
2025-01-24,222.5353240966797,225.38220009721186,221.16683361690275,224.53312753788666,54697900
2025-01-27,229.6075439453125,231.89502211760887,223.73399710835045,223.77396171163917,94863400
2025-01-28,237.99832153320312,239.9262098046868,230.55650666713984,230.59647127201654,75707600
2025-01-29,239.0971221923828,239.5965730646729,233.75299176206667,233.86287156365174,45486100
2025-01-30,237.3290557861328,240.52553823889048,236.94948349745044,238.40787147181928,55658300
2025-01-31,235.74081420898438,246.91852728753366,233.18362815459494,246.91852728753366,101075100
2025-02-03,227.75958251953125,231.5753945205246,225.45212191586603,229.73741895869952,73063300
2025-02-04,232.54432678222656,232.87396618357337,226.40107197135944,227.00041910872287,45067300
2025-02-05,232.21469116210938,232.4144684638066,228.0193068583431,228.27901582634638,39620300
2025-02-06,232.9638671875,233.54323203112875,230.17692277145878,231.0359788855247,29925300
2025-02-07,227.3800048828125,233.74300400322835,227.0104008794231,232.3445476829273,39707200
2025-02-10,227.64999389648438,230.58999633789062,227.1999969482422,229.57000732421875,33115600
2025-02-11,232.6199951171875,235.22999572753906,228.1300048828125,228.1999969482422,53718400
2025-02-12,236.8699951171875,236.9600067138672,230.67999267578125,231.1999969482422,45243300
2025-02-13,241.52999877929688,242.33999633789062,235.57000732421875,236.91000366210938,53614100
2025-02-14,244.60000610351562,245.5500030517578,240.99000549316406,241.25,40896200
2025-02-18,244.47000122070312,245.17999267578125,241.83999633789062,244.14999389648438,48822500
2025-02-19,244.8699951171875,246.00999450683594,243.16000366210938,244.66000366210938,32204200
2025-02-20,245.8300018310547,246.77999877929688,244.2899932861328,244.94000244140625,32316900
2025-02-21,245.5500030517578,248.69000244140625,245.22000122070312,245.9499969482422,53197400
2025-02-24,247.10000610351562,248.86000061035156,244.4199981689453,244.92999267578125,51326400
2025-02-25,247.0399932861328,250.0,244.91000366210938,248.0,48013300
2025-02-26,240.36000061035156,244.97999572753906,239.1300048828125,244.3300018310547,44433600
2025-02-27,237.3000030517578,242.4600067138672,237.05999755859375,239.41000366210938,41153600
2025-02-28,241.83999633789062,242.08999633789062,230.1999969482422,236.9499969482422,56833400
2025-03-03,238.02999877929688,244.02999877929688,236.11000061035156,241.7899932861328,47184000
2025-03-04,235.92999267578125,240.07000732421875,234.67999267578125,237.7100067138672,53798100
2025-03-05,235.74000549316406,236.5500030517578,229.22999572753906,235.4199981689453,47227600
2025-03-06,235.3300018310547,237.86000061035156,233.16000366210938,234.44000244140625,45170400
2025-03-07,239.07000732421875,241.3699951171875,234.75999450683594,235.11000061035156,46273600
2025-03-10,227.47999572753906,236.16000366210938,224.22000122070312,235.5399932861328,72071200
2025-03-11,220.83999633789062,225.83999633789062,217.4499969482422,223.80999755859375,76137400
2025-03-12,216.97999572753906,221.75,214.91000366210938,220.13999938964844,62547500
2025-03-13,209.67999267578125,216.83999633789062,208.4199981689453,215.9499969482422,61368300
2025-03-14,213.49000549316406,213.9499969482422,209.5800018310547,211.25,60107600
2025-03-17,214.0,215.22000122070312,209.97000122070312,213.30999755859375,48073400
2025-03-18,212.69000244140625,215.14999389648438,211.49000549316406,214.16000366210938,42432400
2025-03-19,215.24000549316406,218.75999450683594,213.75,214.22000122070312,54385400
2025-03-20,214.10000610351562,217.49000549316406,212.22000122070312,213.99000549316406,48862900
2025-03-21,218.27000427246094,218.83999633789062,211.27999877929688,211.55999755859375,94127800
2025-03-24,220.72999572753906,221.47999572753906,218.5800018310547,221.0,44299500
2025-03-25,223.75,224.10000610351562,220.0800018310547,220.77000427246094,34493600
2025-03-26,221.52999877929688,225.02000427246094,220.47000122070312,223.50999450683594,34466100
2025-03-27,223.85000610351562,224.99000549316406,220.55999755859375,221.38999938964844,37094800
2025-03-28,217.89999389648438,223.80999755859375,217.67999267578125,221.6699981689453,39818600
2025-03-31,222.1300048828125,225.6199951171875,216.22999572753906,217.00999450683594,65299300
2025-04-01,223.19000244140625,223.67999267578125,218.89999389648438,219.80999755859375,36412700
2025-04-02,223.88999938964844,225.19000244140625,221.02000427246094,221.32000732421875,35905900
2025-04-03,203.19000244140625,207.49000549316406,201.25,205.5399932861328,103419000
2025-04-04,188.3800048828125,199.8800048828125,187.33999633789062,193.88999938964844,125910900
2025-04-07,181.4600067138672,194.14999389648438,174.6199951171875,177.1999969482422,160466300
2025-04-08,172.4199981689453,190.33999633789062,169.2100067138672,186.6999969482422,120859500
2025-04-09,198.85000610351562,200.61000061035156,171.88999938964844,171.9499969482422,184395900
2025-04-10,190.4199981689453,194.77999877929688,183.0,189.07000732421875,121880000
2025-04-11,198.14999389648438,199.5399932861328,186.05999755859375,186.10000610351562,87435900
2025-04-14,202.52000427246094,212.94000244140625,201.16000366210938,211.44000244140625,101352900
2025-04-15,202.13999938964844,203.50999450683594,199.8000030517578,201.86000061035156,51343900
2025-04-16,194.27000427246094,200.6999969482422,192.3699951171875,198.36000061035156,59732400
2025-04-17,196.97999572753906,198.8300018310547,194.4199981689453,197.1999969482422,51334300
2025-04-21,193.16000366210938,193.8000030517578,189.80999755859375,193.27000427246094,46742500
2025-04-22,199.74000549316406,201.58999633789062,195.97000122070312,196.1199951171875,52976400
2025-04-23,204.60000610351562,208.0,202.8000030517578,206.0,52929200
2025-04-24,208.3699951171875,208.8300018310547,202.94000244140625,204.88999938964844,47311000
